Synthetic_Record_ID,Hours_Studied,Attendance_Pct,Previous_GPA,Assignments_Completed,Quiz_Average,Sleep_Hours,Stress_Level,Commute_Minutes,Social_Hours,Caffeine_Cups,Split,Risk
G1-0001,8.46,89.95,2.55,8,72.82,6.53,4,14.24,7.95,1,train,0
G1-0002,5.57,79.2,1.87,7,64.08,6.17,6,22.21,6.88,1,train,0
G1-0003,7.58,98.91,2.63,7,81.37,8.42,2,43.86,7.58,1,train,0
G1-0004,5.03,72.13,2.02,6,64.85,6.04,9,12.6,7.7,4,train,1
G1-0005,13.92,78.51,3.13,6,81.05,6.05,5,62.46,5.73,1,train,1
G1-0006,7.64,75.43,3.41,7,81.99,6.92,5,39.52,4.86,2,train,0
G1-0007,9.16,93.24,2.32,8,64.51,5.87,7,4.94,7.13,2,train,0
G1-0008,8.3,90.54,2.18,8,66.35,6.51,6,5.12,5.45,3,train,1
G1-0009,8.98,82.2,3.17,6,80.49,6.26,7,24.51,9.08,4,train,0
G1-0010,14.92,90.57,3.02,7,79.22,7.1,5,34.74,8.79,2,train,0
G1-0011,7.62,79.36,2.22,4,70.55,7.72,6,13.03,10.54,1,train,0
G1-0012,8.61,97.42,3.1,7,81.12,7.5,4,21.36,0.49,3,train,0
G1-0013,13.28,86.12,3.38,8,77,7.65,5,14.23,9.38,0,train,0
G1-0014,5.46,71.53,2.15,7,56.27,7.1,4,27.54,11.66,1,train,1
G1-0015,12.67,94.48,3.12,8,81.66,6.63,3,37.51,6.82,1,train,0
G1-0016,11.67,90.19,2.88,9,74.07,7.95,4,24.59,9.45,3,train,0
G1-0017,4.34,79.48,2.1,6,70.78,6.01,7,14.05,7.07,6,train,1
G1-0018,7.71,79.94,3.02,8,80.05,6.06,5,4.47,5.1,1,train,0
G1-0019,10.47,74.05,2.75,7,78.05,6.86,6,11.75,3.57,6,train,0
G1-0020,4.69,93.1,3.2,8,87.32,7.1,4,5.15,7.63,2,train,0
G1-0021,5.86,81.53,2.23,8,53.42,6.77,3,38.42,5.9,3,train,1
G1-0022,8.7,81.21,2.94,7,57.32,6.97,4,15.39,7.84,1,train,0
G1-0023,11.06,54.73,2.53,3,69.12,6.7,4,29.22,6.46,0,train,1
G1-0024,3.99,72.89,1.79,5,52.18,6.16,5,29.75,5.92,2,train,1
G1-0025,10.29,76.99,2.78,8,83.34,5.39,8,12.24,4.18,2,train,1
G1-0026,1,59.59,1.78,4,59.58,5.26,10,8.12,2.22,2,train,1
G1-0027,9.59,75.8,2.97,5,92.32,7.12,5,33.89,7.01,2,train,1
G1-0028,9.26,83.73,2.91,8,83.84,7.06,2,3.99,10.77,0,train,0
G1-0029,11.77,99.62,2.82,7,88.51,7,3,24.06,5.41,1,train,0
G1-0030,10.72,88.31,2.74,6,77.56,6.29,5,27.69,4.38,5,train,0
G1-0031,12.9,86.55,3.04,8,82.16,7.59,4,52.83,6.99,1,train,0
G1-0032,11.05,82.67,2.31,7,77.26,7.86,7,16.01,8.72,1,train,0
G1-0033,7.54,75.86,2.46,7,79.41,6.61,3,28.14,7.46,3,train,1
G1-0034,14.13,87.51,4,7,87.33,7.28,4,30.05,7.37,3,train,0
G1-0035,4.08,75.71,2.34,5,75.06,8.02,2,35.82,8.4,1,train,0
G1-0036,11.07,68.3,2.31,9,53.46,6.72,5,31.85,7.15,3,train,0
G1-0037,14.82,90.76,2.87,6,71.21,7.28,4,38.1,5.24,2,train,0
G1-0038,6.92,90.37,1.66,5,55.31,7.25,5,21.36,6.9,0,train,1
G1-0039,9.23,100,2.58,10,83.51,7.71,3,24.89,4.94,4,train,0
G1-0040,6.72,80.17,3.15,5,79.96,7.44,4,36.58,4.04,1,train,0
G1-0041,10.23,92.23,2.83,10,83.61,7.47,5,8.48,3.32,3,train,0
G1-0042,5.33,87.84,2.91,9,76.82,7.29,5,17.61,4.81,1,train,0
G1-0043,9.64,88.58,3.16,7,85.08,7.9,2,90,11.67,1,train,0
G1-0044,10.95,84.13,2.67,8,73.51,7.8,7,8.65,6.18,2,train,0
G1-0045,13.76,93.55,2.51,10,68.99,7.11,2,9.72,9.87,7,train,0
G1-0046,10.65,87.65,2.71,9,61.62,7.82,3,6.04,8.72,0,train,0
G1-0047,5.92,79.05,2.83,7,91.19,6.56,5,66.35,5.92,4,train,0
G1-0048,10.41,80.65,3.48,7,86.67,7.77,2,61.54,4.49,2,train,0
G1-0049,2.62,78.64,2.8,5,68.09,7.14,6,20.81,8.65,3,train,1
G1-0050,7.96,87.93,2.4,6,58.78,7.78,5,14.99,2.76,1,train,1
G1-0051,10.54,77.16,4,7,94.64,7.94,5,6.88,2.93,3,train,0
G1-0052,3.74,84.48,2.27,7,66.45,6.21,6,36.84,6.66,5,train,1
G1-0053,5.16,87.48,2.77,6,68.83,6.73,4,37.62,6.49,5,train,0
G1-0054,6.85,88.75,2.68,8,75.05,6.52,7,34.57,5.36,1,train,0
G1-0055,11.35,84.82,3.05,7,75.08,6.73,5,12.11,5.27,2,train,0
G1-0056,11.18,73.54,2.08,6,73,7.4,4,9.33,7.43,2,train,0
G1-0057,6.62,83.13,2.54,7,72.09,6.64,7,44.45,7.8,3,train,0
G1-0058,14.45,90.31,3.31,7,92.1,8.07,3,9.01,12.45,2,train,0
G1-0059,11.69,86.73,3.27,5,72.66,8.02,6,39.33,9.4,4,train,0
G1-0060,7.28,76.75,3.35,6,76.95,6.69,6,4.42,9.88,2,train,0
G1-0061,2.79,77.58,2.84,6,72.17,6.74,8,19.3,3.93,3,train,0
G1-0062,8.48,72.34,2.31,6,80.5,6.86,4,61.97,7.4,2,train,0
G1-0063,16.7,100,2.93,10,82.17,7.13,4,15.85,8.72,2,train,0
G1-0064,8.27,81.63,2.81,6,62.61,7.68,6,23.43,9.94,1,train,1
G1-0065,11.11,86.07,2.65,7,65.16,6.94,5,34.5,5.29,3,train,0
G1-0066,8.12,83.99,2.02,8,59.69,6.18,8,34.51,4.69,4,train,0
G1-0067,8.48,78.69,2.34,4,46.05,5.99,5,24.66,6.67,3,train,0
G1-0068,7.45,82.29,3.07,9,70.4,5.61,8,16.69,4.62,2,train,1
G1-0069,6.51,64.23,2.32,5,46.69,5.98,9,22.91,9.48,2,train,1
G1-0070,8.44,77.46,2.66,4,71.45,6.45,4,16.3,8.39,0,train,0
G1-0071,4.84,80.46,2.89,6,82.4,5.69,6,43.59,7.02,6,train,1
G1-0072,10.81,79.7,2.17,7,63.05,7.56,5,20.91,11.03,2,train,1
G1-0073,6.39,75.22,2.08,5,69.31,5.88,8,4.48,4.77,4,train,1
G1-0074,10.88,86.67,2.82,7,63.27,6.82,6,42.94,10.98,2,train,0
G1-0075,12.38,73.63,3.23,4,74.83,7.04,7,20.41,8.32,0,train,1
G1-0076,8.06,74.32,2.51,6,70.46,7.74,4,4.01,5.88,4,train,0
G1-0077,7.75,62.77,2.33,4,75.29,7.11,5,34.48,9.57,3,train,1
G1-0078,4.7,77.04,2.71,8,65.95,6.59,8,3.64,7.77,1,train,1
G1-0079,6.86,80.47,2.74,7,62.83,7.63,6,30.09,6.02,1,train,0
G1-0080,7.45,57.29,2.95,5,70.79,5.99,7,12.51,6.32,1,train,1
G1-0081,12.2,85.68,2.74,7,74.06,6.96,6,17.04,6.06,3,train,0
G1-0082,9.38,76.5,2.81,5,71.27,7.3,4,24.96,3.67,2,train,0
G1-0083,8.89,75.73,3.09,5,86.5,6.52,2,17.44,6.94,1,train,0
G1-0084,5.7,79.43,3.13,7,81.78,5.91,4,21.28,5.29,2,train,0
G1-0085,11.44,83.49,2.57,6,76.05,6.47,5,9.72,4.06,4,train,1
G1-0086,3.03,91.15,2.86,6,63.87,6.47,2,40.56,9.7,1,train,1
G1-0087,9.85,75.77,2.65,6,71.76,6.89,5,11.04,7.29,1,train,0
G1-0088,8.56,71.27,3.16,4,73.62,5.88,6,47.39,10.98,0,train,0
G1-0089,8.99,88.57,2.16,8,62.41,7.17,7,4.95,5.56,4,train,1
G1-0090,8.54,77.79,2.15,8,65.57,7.19,5,2.98,9.94,1,train,1
G1-0091,11.31,95.49,2.9,9,74.97,7.19,7,45.32,4.31,1,train,0
G1-0092,11.67,85.56,2.84,7,69.58,7.01,4,11.43,7.37,4,train,0
G1-0093,11.86,96.05,3.1,10,76.42,6.81,5,19.01,3.88,2,train,0
G1-0094,10.64,79.82,3.35,6,85.02,7.55,6,39.06,6,1,train,0
G1-0095,10.52,87.56,3.18,7,77.08,7.13,5,10.9,5.76,0,train,1
G1-0096,3.94,73,2.54,6,61.48,7.81,2,16.72,10.66,1,train,0
G1-0097,11.5,79.23,3.05,6,83.07,6.53,6,7.95,5.48,1,train,0
G1-0098,13.95,99.57,3.38,8,76.39,7.47,2,13.93,5.65,2,train,0
G1-0099,9.76,99.2,3.35,8,80.23,6.78,4,18.78,11.04,2,train,0
G1-0100,5.65,76.55,2.71,5,79.17,7.13,3,14.44,6.61,3,train,0
G1-0101,4.08,82.28,2.87,7,80.86,7.1,6,57.91,5.78,8,train,0
G1-0102,8.33,85.65,2.53,9,78.19,6.85,5,6.02,2.78,2,train,0
G1-0103,7.45,73.19,2.72,7,64.89,6.68,5,14.14,9.31,2,train,0
G1-0104,9.72,83.14,2.91,6,69.95,8.05,4,26.78,8.83,3,train,0
G1-0105,10.89,86.43,2.9,8,72.17,7.11,6,38.01,5.26,3,train,0
G1-0106,8.51,82.09,2.33,7,74.43,6.63,2,22.33,8.8,3,train,0
G1-0107,7.08,74.85,3.21,6,92.03,7.96,3,19.77,4.08,1,train,0
G1-0108,10.83,76.81,2.96,5,83.66,6.92,7,31.34,5.66,2,train,0
G1-0109,2.18,64.71,2.8,6,57.67,7.16,8,14.67,4.93,2,train,1
G1-0110,8.11,72.41,2.65,5,61.6,7.22,5,18.18,3.61,3,train,1
G1-0111,7.52,81.79,2.36,5,80.4,6.69,4,27.7,11.37,2,train,0
G1-0112,12.54,80.47,2.52,7,74.37,7.06,5,11.29,6.13,1,train,0
G1-0113,13.46,88.75,2.95,10,72.73,8.52,4,7.61,8.95,2,train,0
G1-0114,11.5,96.45,2.51,10,66.03,8.41,2,36.43,9.31,0,train,0
G1-0115,11.61,92.86,2.2,9,59.35,6.84,6,23.12,8.02,1,train,1
G1-0116,10.1,80.63,3.44,6,76.9,7.02,3,36.11,4.63,2,train,0
G1-0117,12.68,97.25,2.99,10,78.6,6.54,4,36.42,4.49,4,train,0
G1-0118,12.32,84.27,3.14,8,91.87,7.26,5,20.13,5.9,1,train,0
G1-0119,5.4,62.1,2.33,3,55.55,7.05,7,36.37,7.4,2,train,1
G1-0120,15.36,91.37,3.12,7,85.53,7.8,3,43.22,11.37,0,train,0
G1-0121,8.7,78.19,3.08,5,81.3,7.08,6,2,8.11,3,train,0
G1-0122,12.18,86.96,3.16,7,86.52,6.36,4,12.92,7.31,0,train,0
G1-0123,7.91,80.15,2.67,6,72.5,7.19,3,3.86,11.23,2,train,0
G1-0124,10.48,81.96,3.13,9,80.48,6.22,6,8.42,6.76,4,train,1
G1-0125,11.91,88.37,3.27,7,88.93,6.68,3,14.97,6.23,2,train,0
G1-0126,9.57,77.59,2.62,7,74.22,6.57,4,42.84,10.7,0,train,0
G1-0127,7.94,82.6,2.68,8,73.9,6.37,5,18.18,8.27,0,train,0
G1-0128,8.3,77.12,2.44,6,80.78,7.61,2,34.07,7.6,0,train,1
G1-0129,13.12,84.88,3.62,6,79.42,7.24,5,28.05,10.8,5,train,0
G1-0130,10.44,78.38,3.14,8,86.91,6.47,4,7.71,7.28,4,train,1
G1-0131,11.88,74.21,3.16,8,83.66,5.03,8,23.72,4.45,3,train,1
G1-0132,8.81,96.21,3.37,8,84.33,6.17,5,31.21,8.06,2,train,0
G1-0133,3.66,89.7,2.4,6,73.49,7.7,3,15.94,10.7,2,train,1
G1-0134,6.83,65.55,2.17,4,55.57,6.87,7,48.01,7.54,1,train,1
G1-0135,7.2,80.15,2.4,8,77.32,6.23,5,40.6,7.63,2,train,0
G1-0136,14.11,81.24,2.74,6,87.3,6.12,6,7.35,8.35,3,train,0
G1-0137,6.2,71.13,2.48,6,65.69,6.42,6,21.62,4.54,2,train,0
G1-0138,3.7,65.6,2.73,3,78.73,7.37,6,18.75,3.84,2,train,1
G1-0139,7.6,77.51,2.22,5,60.61,7.77,2,30.99,11.84,4,train,1
G1-0140,7.88,88.24,3.21,9,82.08,6.6,7,50.93,4.68,1,train,0
G1-0141,6.06,88.8,2.54,9,64.17,6.99,5,5,4.39,1,train,0
G1-0142,10.16,71.55,3.75,7,90.88,6.35,6,3.84,3.14,2,train,0
G1-0143,8.43,83.8,2.74,7,73.9,8.16,2,10.67,9.3,4,train,0
G1-0144,9.79,60.9,2.78,5,87.71,5.89,7,30.29,3.88,4,train,1
G1-0145,10.9,85.49,3.12,7,76.26,7.1,1,44.73,11.42,3,train,0
G1-0146,7.6,85.73,2.67,3,83.38,6.51,5,15.76,6.14,1,train,0
G1-0147,10.74,85.8,2.88,6,82.21,6.12,7,19.4,7.13,2,train,0
G1-0148,6.67,71.17,2.69,5,62.65,5.91,4,51.82,9.16,3,train,1
G1-0149,12.66,80.66,2.7,6,71.25,7.36,4,23.34,10.56,1,train,0
G1-0150,6.16,72.47,2.8,5,78.2,6.79,4,17.24,9.17,2,train,1
G1-0151,7.1,90.98,3.52,9,72.26,8.06,5,10.38,6.9,0,train,0
G1-0152,13.32,95.01,2.74,7,80.47,7.87,3,21.21,7.22,4,train,0
G1-0153,1.38,68.67,2.8,7,73.19,7.17,7,31.2,8.04,4,train,1
G1-0154,6.59,82.58,2.57,9,73.89,6.49,3,6.95,8.53,1,train,1
G1-0155,12.6,97,3.18,9,78.76,8.12,6,23.23,9.31,7,train,0
G1-0156,5.43,74.71,2.36,4,62.06,8.07,4,33.81,10.64,1,train,1
G1-0157,11.52,91.66,3.1,6,78.35,6.71,5,11.26,7.45,2,train,0
G1-0158,10.17,92.51,2.82,10,76.01,6.1,6,30.98,4.13,0,train,0
G1-0159,9.6,79.94,3.16,6,73.03,7.76,4,29.93,7.66,1,train,0
G1-0160,10.42,81.16,2.38,7,73.24,6.83,9,6.47,3.89,1,train,0
G1-0161,5.3,75.52,2.36,6,61.24,7.28,4,4.64,9.45,1,train,0
G1-0162,8.6,84.14,2.62,9,70.04,6.15,9,6.87,1.71,0,train,0
G1-0163,12.18,100,3.39,10,75.86,8.78,5,15.54,6.98,1,train,0
G1-0164,5.59,78.85,2.6,8,70.21,6.35,5,23.57,4.84,1,train,0
G1-0165,1.33,82.57,2.29,6,77.22,7.89,5,59.45,9.18,1,train,1
G1-0166,12.75,78.73,2.87,6,82.48,8.01,5,25.79,7.2,4,train,0
G1-0167,3.9,66.75,2.82,3,81.89,7.5,5,19.52,6.85,1,train,1
G1-0168,7.51,78.1,2.93,7,71.81,6.98,2,25.19,8.28,2,train,0
G1-0169,15.57,88.72,3.92,10,89.57,6.43,4,21.22,8.58,3,train,0
G1-0170,11.28,69.91,2.82,7,78.81,6.48,7,26.04,4.91,2,train,1
G1-0171,10.7,83.8,3.27,6,74.77,7.42,5,31.24,4.5,0,train,0
G1-0172,10.5,91.29,3.36,9,81.36,7.77,4,27.09,7.67,3,train,0
G1-0173,9.26,72.15,2.55,7,80.27,7.45,5,24.6,9.36,3,train,0
G1-0174,14.26,87.5,3.01,9,77.54,6.64,7,19.57,5.9,2,train,0
G1-0175,5.13,81.17,2.8,7,84.19,6.82,6,13.95,6.64,2,train,0
G1-0176,6.04,75.31,2.48,6,70.25,6.57,5,10.75,6.02,3,train,1
G1-0177,12.9,86.04,3.17,9,80.64,6.32,5,9.34,10.54,3,train,0
G1-0178,7.39,81.86,3.31,6,71.56,6.42,4,5.3,9.17,0,train,0
G1-0179,3.31,83.02,3.63,8,77,8.08,4,32.62,8.87,3,train,0
G1-0180,4.64,73.12,1.76,5,61.79,5.46,4,8.44,8.71,3,train,1
G1-0181,9.91,85.24,2.33,8,57.13,6.59,4,37.59,4.76,1,train,1
G1-0182,7.77,70.63,3,3,78.27,7.38,6,27.92,7.68,5,train,1
G1-0183,12.14,83.32,3.29,7,79.84,8.42,2,41.37,5.33,2,train,0
G1-0184,7.88,99.49,3.58,10,93.4,8.06,4,42.3,10.13,2,train,0
G1-0185,4.74,72.38,2.2,7,61.33,7.78,4,60.5,7.2,1,train,1
G1-0186,11.28,76.13,3,9,77.22,6.81,6,12.64,8.03,2,train,0
G1-0187,7.84,80.38,2.07,6,48.56,6.65,7,24.82,3.94,1,train,1
G1-0188,4.16,85.41,2.29,6,71.54,6.6,5,18.98,9.24,2,train,1
G1-0189,10.78,94.52,2.91,9,86.23,6.94,4,24.7,4.37,0,train,0
G1-0190,5.52,65.87,2.48,5,69.88,6.42,9,7.11,3.89,2,train,1
G1-0191,8.71,83.82,3.42,7,75.98,7.86,3,42.41,8.93,0,train,0
G1-0192,8.16,84.31,3.06,6,74.22,6.67,3,21.41,5.13,3,train,1
G1-0193,9.43,87.32,2.99,6,72.1,7.57,5,20.4,7.36,1,train,0
G1-0194,6.2,67.16,2.78,5,72.83,5.9,5,18.43,6.65,2,train,0
G1-0195,5.33,72.96,3.42,6,83.2,5.79,6,25.21,3.48,2,train,1
G1-0196,9.24,71.03,2.22,9,63.75,7.82,6,26.36,9.14,5,train,1
G1-0197,5.33,63.62,2.53,5,65.46,6.56,8,35.47,5.04,3,train,1
G1-0198,8.11,67.64,2.71,5,79.93,5.43,7,54.85,6.53,1,train,1
G1-0199,6.8,77.66,2.38,8,54.7,6.66,6,19.92,9.88,4,train,1
G1-0200,1.63,69.15,2.64,4,56.36,5.46,7,28.84,4.7,3,train,1
G1-0201,11.13,97,3.25,8,85.75,6.6,4,12.23,7.43,4,train,0
G1-0202,10,88.84,3.36,9,77.05,8.4,3,36.14,7.84,1,train,0
G1-0203,7.39,85.3,2.42,9,68.15,5.77,5,21.2,3.67,2,train,1
G1-0204,7.84,73.91,3.59,7,85.85,6.62,8,75.12,5.65,4,train,1
G1-0205,8.9,76.14,2.35,6,66.69,7.68,3,18.84,7.47,1,train,1
G1-0206,5.25,70.31,3.42,4,80.75,6.82,5,20.07,4.79,4,train,1
G1-0207,10.44,83.57,3.06,8,75.35,7.13,6,22.92,4.41,1,train,0
G1-0208,10.81,87.75,2.77,6,82.13,7.25,2,33.54,4.98,1,train,0
G1-0209,13.5,81.27,2.67,7,89.99,8.47,5,71.5,5.98,4,train,0
G1-0210,11.14,84.23,3.27,6,89.31,8.21,6,13.81,10.33,1,train,0
G1-0211,11.37,86.83,3.24,8,75.06,6.96,5,22.27,4.83,5,train,0
G1-0212,5.65,77.19,2.66,7,72.84,7.23,6,30.67,9.56,3,train,0
G1-0213,12.11,86.02,3.14,9,97.81,6.14,6,15.2,5.15,5,train,0
G1-0214,7,73.79,3,7,55.44,5.99,6,90,6.93,0,train,1
G1-0215,7.54,73.83,2.76,6,71.37,6.66,7,66.44,5.84,2,train,1
G1-0216,4.94,81.14,1.85,7,58.97,7.07,4,22.31,7.48,1,train,1
G1-0217,6.22,79.64,2.64,6,65.71,7.6,3,23.95,7.18,2,train,0
G1-0218,9.65,77.41,3.19,7,67.51,7.53,6,42.31,6,0,train,1
G1-0219,7.81,87.86,2.84,5,72.73,7.41,2,37.44,8.87,1,train,0
G1-0220,3.65,60.73,2.12,4,61.99,7.29,5,6.77,4.42,1,train,1
G1-0221,11.29,80.04,3.11,7,86.9,6.48,3,39.67,4.48,1,train,0
G1-0222,16.52,97.24,2.73,7,76.62,6.02,6,8.88,4.36,1,train,0
G1-0223,12.61,86.72,3.01,6,87.05,8.27,4,78.3,5.53,2,train,0
G1-0224,10.45,78.33,3.27,9,67.96,7.58,7,46.21,6.13,1,train,0
G1-0225,7.27,86.38,2.49,8,75.92,6.22,7,24.51,5.34,1,train,0
G1-0226,4.35,70.69,2.37,5,76.45,6.64,6,9.08,5.91,2,train,1
G1-0227,8.67,85.36,2.98,10,72.4,7.99,5,50.17,6.45,0,train,0
G1-0228,11.47,89.39,3.16,7,61.18,6.38,6,17.88,11.72,0,train,0
G1-0229,11.7,83.73,2.77,9,71.61,6.38,7,85.87,11,4,train,1
G1-0230,14.19,100,2.86,10,71.91,7.04,3,24.85,9.43,3,train,0
G1-0231,11.64,84.67,2.69,6,71.23,7.95,6,8.19,8.76,0,train,1
G1-0232,12.35,90.07,2.76,9,73.24,8.99,3,21.12,7.25,0,train,0
G1-0233,7.14,76.41,2.54,6,71.25,7.23,5,9.89,6.54,4,train,1
G1-0234,11.73,91.77,3.52,7,84.12,6.44,4,71.98,9.95,2,train,0
G1-0235,9.72,89.88,3.13,8,71.77,6.55,5,10.09,6.19,3,train,0
G1-0236,7.25,82.12,2.32,6,63.73,7.17,4,21.39,4.36,3,train,1
G1-0237,11.65,80.96,2.58,9,78.13,8.23,6,24.47,5.44,1,train,0
G1-0238,6.52,80.67,2.31,8,68.69,6.29,8,56.36,2.17,4,train,1
G1-0239,3.37,75.88,3.21,7,76.32,7.03,6,22.19,5.16,3,train,1
G1-0240,7.73,71.31,3.23,6,84.08,6.44,6,26.63,4.23,0,train,1
G1-0241,10.35,86.12,2.76,10,65.3,6.14,5,42.9,6.64,0,train,0
G1-0242,6.99,67.7,2.96,6,89.35,5.99,6,10.15,9.82,1,train,0
G1-0243,3.08,89.42,3.06,9,64.52,6.66,8,73.42,6.82,4,train,1
G1-0244,3.59,64.83,2.79,6,71.05,7.76,4,12.17,6.61,2,train,1
G1-0245,3.36,63.16,2.67,2,69.75,6.91,8,43.8,4.05,1,train,1
G1-0246,3.13,75.61,1.93,5,50.78,6.15,6,32.88,6.38,4,train,1
G1-0247,5.91,94.41,3.31,7,81.35,7.89,4,38.8,4.32,2,train,0
G1-0248,11.11,70.64,2.8,9,63.63,7.95,4,17.05,6.08,3,train,0
G1-0249,5.59,77.2,2.5,6,58.82,6.9,6,26.81,7.17,4,train,1
G1-0250,6.73,79.51,3.15,5,88.47,7.45,8,31.99,3.07,4,train,0
G1-0251,14.97,93.91,3,9,83.72,7.72,5,14.05,5.41,3,train,0
G1-0252,9.26,76,1.96,5,59.8,5.93,10,11.6,6.64,6,train,1
G1-0253,4.68,80.61,3.06,8,83.76,6.84,5,32.35,3.44,3,train,0
G1-0254,11.85,88.53,2.55,8,81.27,6.72,4,12.75,5.52,3,train,0
G1-0255,10.06,77.22,2.49,5,66.22,8.27,7,4,8.95,3,train,0
G1-0256,12.12,80.52,2.51,8,74.88,6.76,7,25.73,6.39,5,train,0
G1-0257,6.77,79.31,2.28,7,76.31,7.59,3,27.72,11.03,1,train,0
G1-0258,13.48,99.21,3.71,8,94.55,6.73,6,58.92,7.72,2,train,0
G1-0259,6.28,92.25,1.71,8,65.29,5.69,4,52.06,7.47,1,train,0
G1-0260,8.66,80.97,2.66,6,73.3,7.7,3,32.08,4.55,3,train,0
G1-0261,7.43,82.84,2.95,7,70.13,6.06,4,38.67,8.38,5,train,0
G1-0262,9.93,83.95,2.82,5,71.49,7.03,6,43.04,11.02,4,train,0
G1-0263,11.25,85.14,2.95,7,76.68,6.57,4,15.57,8.41,3,train,0
G1-0264,3.61,79.29,2.05,8,57,6.45,7,45.3,9.03,5,train,1
G1-0265,12.88,98.97,2.63,7,68.51,6.95,8,31.08,8.27,5,train,1
G1-0266,7.02,82.58,2.89,8,68.87,6.31,4,16.39,6.7,3,train,0
G1-0267,8.17,79.85,2.36,6,69.91,6.9,7,23.27,6.82,3,train,1
G1-0268,7.07,88.66,3.12,8,74.02,7.85,5,3.8,5.05,2,train,0
G1-0269,6.97,75.74,2.9,5,81.11,7.85,5,17.64,3.85,1,train,0
G1-0270,11.72,75.1,2.59,7,74,5.79,7,19.58,8.35,3,train,0
G1-0271,9.72,96.98,2.45,7,65.26,7.53,5,58.35,5.19,7,train,0
G1-0272,6.75,83.45,2.43,6,58.79,7.01,2,18.03,10.03,3,train,0
G1-0273,9.34,81.39,3.23,7,85.87,7.32,5,12.98,12.92,2,train,0
G1-0274,4.68,86.33,3.43,5,85.33,6.82,5,26.55,8.2,4,train,1
G1-0275,11.73,84.94,3.15,9,80.67,7.61,3,15.01,5.14,2,train,0
G1-0276,14.71,89.51,2.84,8,68.71,7.76,2,14.68,6.88,1,train,0
G1-0277,10.87,66.99,2.25,6,67.38,7.27,4,42.67,5.94,1,train,1
G1-0278,9.7,87.48,3.11,8,82.32,6.84,6,43.74,0.36,3,train,0
G1-0279,9.07,87.48,2.73,10,68.17,6.25,4,55.75,7.56,3,train,0
G1-0280,13.44,82.4,2.67,7,84.73,8.06,5,14.04,6.5,2,train,0
G1-0281,4.08,78.02,2.52,7,67.35,7.85,5,32.16,5.73,4,train,1
G1-0282,13.63,90.58,2.93,7,80.83,8.24,2,30.03,7.91,3,train,0
G1-0283,12.46,86.77,3.3,6,87.82,7.33,6,30.45,7.26,4,train,0
G1-0284,9.97,79,2.86,9,57.79,7.3,7,39.43,6.6,3,train,0
G1-0285,5.32,78.93,2.4,6,66.78,7.08,7,10.55,5.24,3,train,1
G1-0286,11.58,90.02,2.59,9,64.46,7.25,3,39,9.1,6,train,0
G1-0287,9.89,74.98,2.85,7,71.4,7.96,6,8.59,9.83,0,train,1
G1-0288,11.46,96.36,3.06,8,72.68,6.97,4,32.41,6.58,1,train,0
G1-0289,2.28,59.77,2.38,4,65.93,7.21,6,90,11.15,2,train,1
G1-0290,2.42,72.36,2.02,7,60.92,6.82,7,24.84,5.33,4,train,1
G1-0291,9.97,81.08,2.84,8,72,8.15,6,9,0,4,train,0
G1-0292,5.45,91.68,2.82,9,69.35,7.07,5,11.73,5.3,3,train,0
G1-0293,10.5,88.86,2.68,8,69.13,7.17,5,71.25,5.29,0,train,0
G1-0294,10,81.21,2.92,8,78.47,7.76,7,34.09,5.7,2,train,0
G1-0295,10.7,92.25,2.94,6,90.26,8.04,4,38.48,6,4,train,0
G1-0296,10.12,88.86,2.92,8,94.57,6.81,5,50.14,7.46,2,train,0
G1-0297,7.53,82.85,2.74,8,85.37,7.64,3,18.52,4.04,2,train,0
G1-0298,10.85,81.11,2.9,7,80.59,7.44,3,7.68,11.1,2,train,0
G1-0299,7.89,77.08,2.8,5,84.18,6.42,7,20.69,3.07,2,train,0
G1-0300,1,59.15,2.22,4,61.45,5.91,7,15.31,9.06,3,train,1
G1-0301,11.9,85.85,2.8,7,67.3,6.92,5,28.88,6.06,3,train,0
G1-0302,3.93,81.6,2.14,7,66.78,6.53,5,11.35,5.53,2,train,1
G1-0303,12.53,76.55,3.28,8,86.15,7.5,8,2.14,8.18,1,train,0
G1-0304,5.02,82.71,2.75,4,73.01,7.06,5,4.71,6.75,3,train,1
G1-0305,12.93,75.56,3.29,7,81.42,7.34,6,57.59,6.97,2,train,0
G1-0306,1,68.27,2.79,4,63.76,6.7,5,11.8,8.38,2,train,1
G1-0307,9.02,81.34,2.9,8,73.07,7.28,6,34.09,12.66,2,train,0
G1-0308,7.13,66.3,2.88,7,85.55,6.23,7,66.77,8.77,3,train,0
G1-0309,9.61,86.81,2.71,8,78.69,8.17,5,17.04,8.26,2,train,0
G1-0310,7.01,84.32,3.07,9,69.22,5.96,3,25.22,9.59,0,train,0
G1-0311,5.45,84.09,2.25,6,64.8,7.09,7,15.53,4.41,4,train,0
G1-0312,4.07,59.31,2.06,4,61.15,7.17,4,24.28,7.27,2,train,1
G1-0313,13.22,82.48,2.72,7,68.97,8.13,6,22.92,8.23,3,train,1
G1-0314,7.02,90.83,2.76,8,69.41,7.74,6,28.8,5.55,0,train,0
G1-0315,6.87,80.62,2.45,7,56.1,6.9,5,19.36,7.85,5,train,1
G1-0316,8.91,86.88,2.46,7,70.89,7.83,3,32.34,7.83,4,train,0
G1-0317,8.18,82.97,2.69,7,61.44,6.67,4,51.06,11.89,2,train,1
G1-0318,9.54,78.47,2.01,6,62.1,5.6,6,2.27,9.08,0,train,1
G1-0319,17.55,83.88,4,10,99.93,7.36,4,10.26,8.35,2,train,0
G1-0320,12.18,87.78,3.52,7,88.12,8.03,6,5.67,7.71,2,train,0
G1-0321,6.67,90.53,2.85,9,73.92,6.97,3,30.66,7.01,3,train,0
G1-0322,6.61,76.04,2.54,8,74.62,6.74,7,14.42,10.4,3,train,1
G1-0323,4.9,76.83,2.86,5,81.05,7.53,4,9.29,6.91,1,train,1
G1-0324,7.82,75.14,3.31,8,87.81,6.83,6,13.58,3.86,3,train,0
G1-0325,10.58,86.12,2.59,7,74.63,6.85,4,21.59,9.33,4,train,0
G1-0326,9.57,80.36,2.23,7,59.47,5.66,4,3.17,6.81,6,train,0
G1-0327,5.65,74.05,1.67,6,57.85,6.45,5,20.99,7.17,4,train,0
G1-0328,12.49,95.87,3.11,8,79.95,7.36,4,15.23,5.8,0,train,0
G1-0329,12.43,93.96,2.7,9,84.3,6.92,3,14.91,6.16,1,train,0
G1-0330,7.82,77.69,2.98,5,70.02,8.13,4,13.65,6.65,2,train,0
G1-0331,5.93,58.35,2.85,5,62.67,5.13,5,5.46,5.73,3,train,1
G1-0332,5.62,85.43,2.47,9,70.1,7.29,6,46.68,8.91,3,train,0
G1-0333,8.09,72.77,2.36,7,58.02,5.09,10,26.74,3.49,1,train,1
G1-0334,12.08,79.38,3.66,6,78.01,6.58,5,12.11,5.57,1,train,0
G1-0335,8.25,80.71,2.38,6,70.55,7.99,1,26.64,9.31,1,train,1
G1-0336,8,77.23,2.97,7,68.36,6.39,4,10.11,9.26,2,train,1
G1-0337,10.35,87.93,3.33,7,93.21,6.91,6,14.39,9.21,1,train,0
G1-0338,7.45,66.83,2.66,5,76.07,7.52,5,19.84,4.62,1,train,1
G1-0339,10.13,88.05,3.33,8,91.13,5.99,7,15.75,6.8,3,train,0
G1-0340,10.92,87.16,2.65,8,74.83,7.54,4,30.2,4.71,3,train,1
G1-0341,6.03,84.07,2.43,8,67.97,7.7,3,33.1,5.39,1,train,1
G1-0342,6.15,83.29,2.41,7,75.76,5.9,5,90,8.26,5,train,1
G1-0343,11.26,84.28,2.84,7,74.73,7.85,7,16.89,11.65,2,train,0
G1-0344,15,89.83,2.65,8,67.99,9.01,3,33.22,7.34,0,train,0
G1-0345,10.48,70.3,3.09,4,76.66,8.02,4,35.89,7.25,2,train,0
G1-0346,7.94,76.93,2.74,6,71.92,8.06,5,22.21,6.63,1,train,1
G1-0347,8.32,80.95,2.32,6,80.24,7.48,5,13.36,10.04,2,train,1
G1-0348,3.75,74.49,2.89,6,62.73,5.08,5,13.15,5.17,4,train,1
G1-0349,10.07,97.47,3.11,8,73.87,8.27,5,20.89,4.65,1,train,0
G1-0350,5.88,83.82,2.5,7,59.39,7.58,6,43.19,9.04,0,train,1
G1-0351,7.68,73.78,2.57,8,77.77,6.19,4,23.78,8.7,3,train,0
G1-0352,9.84,77.76,2.38,5,73.9,5.94,7,11.7,8.48,1,train,1
G1-0353,9.81,93.79,3.3,8,75.98,6.64,6,15.5,9.4,2,train,0
G1-0354,6.49,79.09,2.38,5,70.52,7.7,2,33.24,6.66,2,train,0
G1-0355,10.76,97.33,3.87,9,96.41,7.87,4,48.5,7.82,0,train,0
G1-0356,10.63,73.53,2.62,3,74.61,5.31,8,72.14,7.79,1,train,1
G1-0357,14.06,86.65,2.78,9,81.55,7.64,2,32.65,6.72,1,train,0
G1-0358,5.44,76.45,2.23,6,67.71,6.56,7,31.7,5.41,3,train,1
G1-0359,7.84,88.09,2.39,9,71.22,7.36,2,43.58,5.06,3,train,0
G1-0360,7.47,74.17,2.69,2,73.32,6.44,8,19.63,8.47,3,train,0
G1-0361,6.62,86.52,2.53,6,70.6,8.06,6,3.54,10.29,3,train,0
G1-0362,9.03,80.78,3.08,7,84.28,7.93,8,21.87,9.85,6,train,0
G1-0363,11.88,93.32,3.03,8,78.61,7.22,3,52.61,6.92,1,train,0
G1-0364,2.66,71.04,2.31,6,75.39,5.34,6,69.67,7.42,3,train,1
G1-0365,16,100,3.65,10,80.7,7.86,1,11.92,10.94,2,train,0
G1-0366,13.93,93.82,3.37,9,79.26,7.11,3,30.93,6.43,2,train,0
G1-0367,13.76,100,3.22,10,90.13,7.45,3,11.2,8.44,0,train,0
G1-0368,11.81,82.57,2.58,7,67,7.07,6,13.04,4.8,3,train,0
G1-0369,2.62,78,2.4,7,72.64,7.86,3,55.23,7.19,3,train,1
G1-0370,8.19,73.84,2.63,8,68.02,5.85,4,21.33,5.52,1,train,1
G1-0371,11.57,79.6,2.48,9,73.46,7.21,6,59.7,6.37,4,train,1
G1-0372,9.62,79.34,2.73,7,79.73,7.17,5,34.84,4.11,3,train,0
G1-0373,8.67,71.19,2.72,6,72.65,6.77,5,5.76,10.96,3,train,0
G1-0374,5.66,68.19,1.98,3,52.85,6.34,8,10.28,6.08,1,train,1
G1-0375,11.28,75.76,3.43,8,77.17,6.63,6,31.55,9.09,4,train,0
G1-0376,9.27,87.65,3.12,7,79.78,5.92,6,62.64,7.29,0,train,0
G1-0377,3.43,71.38,2.12,4,75.63,6.26,7,23.75,5.94,2,train,1
G1-0378,5.83,86.74,2.97,8,65.02,6.53,5,10.28,1.67,2,train,0
G1-0379,5.22,63.67,2.4,8,72.14,6.1,10,20.49,4.3,1,train,1
G1-0380,7.11,90.37,3.07,10,78.75,6.53,8,16.02,7.61,2,train,0
G1-0381,4.67,66.59,1.76,6,50.23,6.84,6,16.74,5.76,1,train,1
G1-0382,8.1,78.4,2.91,7,72.39,7.06,4,16.25,6.19,1,train,0
G1-0383,4.64,74.44,2.38,7,68.31,7.06,4,26.83,7.94,2,train,0
G1-0384,9.78,87.67,3.14,7,74.69,6.12,4,26.04,5.28,3,train,0
G1-0385,11.54,82,2.76,8,79.47,8.17,3,21.52,7.46,1,train,0
G1-0386,10.66,87.54,2.76,8,67.1,7.88,5,26.89,6.08,2,train,1
G1-0387,9.72,93.05,2.61,10,72.25,6.15,7,31.32,6.81,1,train,0
G1-0388,3.4,77.35,2.79,4,68.3,7.96,4,24.25,7.72,3,train,1
G1-0389,13.22,99.78,3.74,10,94.31,7.47,4,20.03,6.97,0,train,0
G1-0390,13.16,86.17,2.36,7,82.62,6.26,6,27.14,9.43,5,train,0
G1-0391,12.85,86.46,2.37,9,76.48,7.39,9,12.48,4.5,5,train,1
G1-0392,5.19,82.26,2.08,6,60.57,7.4,5,16.53,9.55,1,train,1
G1-0393,13.78,89.86,3.19,8,91.09,7.4,4,2.78,6.24,0,train,0
G1-0394,12.54,99.8,2.85,8,79.58,6.84,4,26.79,8.97,4,train,0
G1-0395,9.97,79.19,3.74,8,87.67,6.79,3,26.6,6.04,0,train,0
G1-0396,9.86,73.95,2.25,5,78.54,5.07,8,24.69,8.06,1,train,1
G1-0397,13.52,79.42,2.05,5,71.56,6.04,5,9.93,2.5,5,train,0
G1-0398,2.72,62.73,2.26,6,55.77,5.18,9,90,9.01,3,train,1
G1-0399,3.59,90.23,2.11,8,63.31,6.24,3,19.09,9.41,2,train,0
G1-0400,7.63,89.14,2.69,7,67.09,6.17,6,38.8,7.82,3,train,1
G1-0401,4.24,72.25,2.83,4,70.89,6.42,4,90,7.62,2,train,1
G1-0402,8.64,84.11,2.39,5,60.13,6.86,6,29.03,4.72,0,train,1
G1-0403,15.04,83.84,3.2,6,80.29,7.3,4,25.97,6.96,1,train,0
G1-0404,4.03,64.44,2.43,4,84.31,7.37,2,51.81,10.67,3,train,1
G1-0405,9.38,78.19,3.15,7,73.67,6.71,7,17.09,6.23,3,train,0
G1-0406,8.76,72.75,2.38,6,76.09,7.33,3,17.52,3.32,2,train,0
G1-0407,8.91,84.41,2.4,7,78.44,6.65,5,51.19,8.08,2,train,1
G1-0408,12.12,69.8,2.7,7,86.01,5.37,10,27.03,2.18,3,train,0
G1-0409,16.17,97.06,3.34,9,89.68,8.04,1,33.91,5.33,3,train,0
G1-0410,5.76,63.4,2.38,3,56.18,6,7,83.33,7.51,1,train,1
G1-0411,7.13,81.22,2.24,7,68.01,7.46,3,26.24,7.38,3,train,1
G1-0412,8.75,97.89,2.86,8,84.43,7.7,5,11.18,11.02,2,train,0
G1-0413,8.47,81.75,3.09,7,80.96,7.02,5,22.3,4.85,8,train,0
G1-0414,6.55,88.87,2.64,8,71.52,7.48,6,39.45,4.87,1,train,1
G1-0415,6.73,78.52,2.66,7,78.3,7.66,5,24.24,12.25,4,train,1
G1-0416,12.69,92.96,3.32,8,93.84,7.24,6,37.82,6.68,3,train,0
G1-0417,7.03,77.93,2.58,7,60.68,7.46,5,10.69,4.18,5,train,0
G1-0418,13.51,81.03,3.06,10,82.89,5.78,8,32.85,5.98,4,train,0
G1-0419,11.47,79.81,2.94,6,72.99,6.3,5,23.45,6.23,2,train,0
G1-0420,8.26,76.79,2.29,4,62.28,6.65,5,10.31,10.2,0,train,0
G1-0421,5.68,68.12,3.18,5,66.79,6.04,5,24.9,6.27,3,train,1
G1-0422,7.17,70.49,1.87,7,44.48,7.53,4,25.42,10.04,2,train,1
G1-0423,10.32,65.88,3.01,7,76.84,7.52,6,17.04,4.79,1,train,1
G1-0424,7.87,75.41,2.63,7,75.26,5.83,9,57.69,9.61,5,train,1
G1-0425,12.28,87.12,2.67,7,84.64,6.93,6,19.85,7.26,1,train,0
G1-0426,10.41,70.64,2.8,6,65.54,6.41,4,17.53,8.48,4,train,1
G1-0427,4.83,90.4,2.91,8,88.3,7.1,4,19.23,6.33,1,train,0
G1-0428,9.59,80.88,2.61,5,69.53,8.29,6,17.37,7.13,2,train,1
G1-0429,10.3,89.05,3.16,7,76.87,7.59,6,13.83,3.53,0,train,0
G1-0430,8.93,86.6,2.7,8,68.88,6.14,3,8.63,5.19,2,train,0
G1-0431,11.94,98.04,2.93,8,84.52,7.24,5,28.28,6.41,3,train,0
G1-0432,11.81,92.52,2.53,7,61.32,7.68,3,9.08,7.18,2,train,0
G1-0433,8.67,77.26,2.26,4,70.1,6.15,6,26.84,8.47,0,train,1
G1-0434,8.39,91.77,2.88,9,65.2,6.72,5,34.56,8.45,3,train,0
G1-0435,6.54,73.28,3.03,6,71.54,7.05,5,49.53,10.01,2,train,1
G1-0436,11.96,70.8,3.19,6,83.18,6.05,3,16.93,5.84,2,train,0
G1-0437,14.07,98.83,3.6,10,85.74,7.45,6,26.75,6.07,2,train,0
G1-0438,14.99,92.26,2.77,9,77.26,6.68,5,35.74,6.01,4,train,0
G1-0439,7.48,79.45,2.59,6,73.96,6.49,5,25.33,8.04,2,train,1
G1-0440,6.37,81.19,3.2,6,68.32,8.07,5,55.54,4.1,2,train,1
G1-0441,1,53.07,1.4,3,54.79,7.1,6,18.05,6.29,2,train,1
G1-0442,11.82,87.21,3.05,7,65.03,8.04,7,8.98,7.13,1,train,1
G1-0443,9.29,86.98,2.76,8,63.21,7.34,4,20.64,6.65,5,train,0
G1-0444,8.66,83.28,2.92,9,79.05,7.56,4,24.96,6.98,3,train,0
G1-0445,7.89,82.61,2.84,7,58.95,7.54,6,20.69,8.06,1,train,1
G1-0446,7.54,91.62,2.04,8,64.8,6.33,3,45.56,10.26,3,train,1
G1-0447,7.71,67.56,2.98,6,83.22,7.85,6,12.75,6.01,4,train,0
G1-0448,11.68,79.38,3,8,67.66,6.36,7,19.9,8.04,4,train,0
G1-0449,8.97,92.08,3.09,10,70.14,6.64,4,37.26,7.92,2,train,0
G1-0450,9.43,99.85,3.08,6,82.2,8.93,3,8.74,4.72,6,train,0
G1-0451,12.66,98.05,2.9,9,82.42,7.35,4,20.77,5.39,3,train,0
G1-0452,9.02,91.12,2.28,10,63.69,6.77,6,13.25,3.33,5,train,0
G1-0453,10.72,74.75,2.18,8,70.83,6.07,8,42.55,5.89,2,train,1
G1-0454,7.11,75.12,3.59,6,85.21,7.58,5,35.44,7.52,4,train,0
G1-0455,9.16,77.13,2.75,4,88.65,7.83,3,30.66,9.78,2,train,0
G1-0456,1.54,61.8,2.55,5,64.51,6.77,9,90,4.41,0,train,1
G1-0457,11.81,98.7,2.89,10,74.11,8.29,5,33.64,7.12,1,train,0
G1-0458,7.96,74.22,2.46,7,72.49,6.74,5,22.3,3.94,0,train,1
G1-0459,4.37,61.65,2.07,4,66.95,6.07,5,46.66,8.61,1,train,1
G1-0460,10.19,87.47,2.3,8,93.03,6.63,6,49.83,8.5,2,train,1
G1-0461,6.63,87.39,3.3,8,79.61,8.49,4,19.01,6.64,0,train,0
G1-0462,8.6,93.82,2.76,7,68.75,6.46,6,25.48,8.83,1,train,0
G1-0463,8.19,85.45,2.4,9,78.87,5.65,7,44.67,6.48,3,train,0
G1-0464,9.35,78.41,2.21,8,84.66,7.36,4,2,5.51,4,train,0
G1-0465,4.17,72.42,3.15,5,74.88,6,6,21.05,7.41,2,train,1
G1-0466,5.33,86.75,2.23,7,67.18,7.09,2,19.11,10.69,1,train,1
G1-0467,7.56,73.55,2.71,9,71.38,6.79,6,22.19,8.48,4,train,0
G1-0468,14.44,90.28,3.23,7,77.16,6.09,7,13.22,4.26,2,train,0
G1-0469,1,68.97,3.1,6,76.25,7.45,9,40.21,7.85,2,train,1
G1-0470,12.49,80.85,2.48,8,72.15,5.95,6,4.12,6.31,5,train,1
G1-0471,9.19,81.52,3.45,9,83.22,7.18,5,27.09,4.92,1,train,1
G1-0472,3.19,69.88,2.7,8,68.49,6.09,6,53.59,9.14,3,train,1
G1-0473,8.05,80.01,2.65,5,72.38,7.79,4,20.27,4.29,2,train,0
G1-0474,6.64,68.77,3.27,6,73.15,6.34,3,3.88,7.99,1,train,0
G1-0475,6.37,75.76,2.33,7,55.66,7.11,4,52.76,4.71,1,train,0
G1-0476,7.57,87.02,3.62,7,89.06,6.79,7,21.97,3.17,0,train,0
G1-0477,6.51,85.51,2.17,7,57.7,7.27,2,14.1,4.78,3,train,0
G1-0478,5.16,65.88,2.63,6,67.04,6.73,8,22.44,3.85,0,train,1
G1-0479,10.04,75.11,1.54,7,50.82,5.81,6,28.63,1.26,3,train,1
G1-0480,14.01,92.27,3.31,9,79.42,7.77,6,11.8,8.02,3,train,0
G1-0481,16.43,86.57,2.15,10,66.04,7.72,5,33.25,9.36,1,train,0
G1-0482,11.45,79.77,2.65,8,81.04,7.06,5,10.18,3.42,1,train,0
G1-0483,5.56,65.73,2.84,7,67.78,6.95,7,2.14,6.61,2,train,1
G1-0484,14.7,82.21,3.9,7,100,5.76,4,18.06,7.06,2,train,0
G1-0485,6.41,62.22,2.25,5,74.3,6.97,6,33.9,8.63,2,train,1
G1-0486,4.61,86.02,2.62,8,69.57,7.27,6,35.46,3.31,4,train,0
G1-0487,11.18,96.62,2.96,7,82.1,8.27,2,19.71,6.12,0,train,0
G1-0488,9.73,85.88,3.14,9,77.37,7.23,7,9.28,6.97,2,train,0
G1-0489,8.54,88.19,2.94,8,64,8.16,6,20.07,3.95,2,train,0
G1-0490,10.76,74.54,2.74,7,80.34,6.17,7,20.9,9.12,2,train,1
G1-0491,9.32,83.26,2.91,6,78.91,6.47,4,2,4.57,1,train,0
G1-0492,7.97,71.74,3.49,6,74.88,7.11,5,8.38,8.52,0,train,0
G1-0493,10.58,87.75,2.56,9,71.15,8.57,2,17.63,9.25,1,train,0
G1-0494,12.51,79.02,2.26,6,68.07,7.18,6,24.06,7.71,4,train,1
G1-0495,4.81,58.14,2.13,3,73.9,6.5,6,23.87,4.79,5,train,1
G1-0496,17.99,92.04,3.24,10,85.88,6.63,6,8.31,7.9,3,train,0
G1-0497,8.7,69.56,2.33,9,62.05,7.73,6,22,6.16,1,train,0
G1-0498,9.21,82.19,2.92,7,72.52,7.99,3,28.57,4.33,2,train,0
G1-0499,9.35,96.57,3.05,8,83.19,6.41,3,36.45,5.57,2,train,0
G1-0500,6.81,72.68,2.52,5,86.95,6.72,6,3.92,4.97,2,train,1
G1-0501,15.01,86.36,3,8,67.13,7.11,6,79.99,7.23,4,train,0
G1-0502,3.21,74.71,2.33,5,75.92,7.88,5,34.66,3.71,1,train,1
G1-0503,9.09,71.86,2.36,6,70.83,6.85,9,19.08,9.15,3,train,1
G1-0504,13.46,93.01,2.85,8,68.72,7.95,2,12.26,5.65,2,train,0
G1-0505,12.46,83.51,3.33,6,76.22,6.78,5,34.61,6.4,1,train,0
G1-0506,6.56,67.81,2.75,8,68.08,7.04,7,57.36,7.32,3,train,1
G1-0507,6.86,74.05,2.85,5,78.2,6.43,5,31.67,8.61,1,train,1
G1-0508,13.24,96.9,2.53,7,84.05,8.49,3,33.97,13.54,1,train,0
G1-0509,8.15,90.51,2.81,6,77.6,7.44,4,13.01,10.57,0,train,0
G1-0510,9.9,90.18,2.76,8,72.69,7.58,1,32.55,3.72,3,train,0
G1-0511,5.03,79.09,3.2,6,77.72,6.3,4,15.2,9.33,2,train,1
G1-0512,3.36,71.97,2.42,6,62.79,6.84,6,36.2,10.69,2,train,1
G1-0513,9.91,72.82,2.47,7,63.7,8.1,4,33.92,6.86,3,train,0
G1-0514,11.07,84.56,2.58,8,72.2,7.53,3,15.74,8.12,1,train,0
G1-0515,12.59,91.77,2.85,10,77.1,7.2,4,8.49,9.18,2,train,0
G1-0516,9.44,84.65,1.79,6,53.94,7.91,3,27.83,7.15,3,train,1
G1-0517,7.56,70.94,2.52,6,61.96,7.06,5,12.84,7.69,3,train,1
G1-0518,12.18,80.23,2.95,7,80.04,7.13,5,90,10.33,1,train,1
G1-0519,9.45,89.76,2.47,9,77,6.7,7,9.93,7.98,5,train,0
G1-0520,9.31,89.98,3.13,7,81.76,6.42,5,27.92,3.87,2,train,0
G1-0521,12.9,91.16,3.19,9,80.64,8.47,4,31,6.35,4,train,0
G1-0522,6.27,72.38,2.64,5,64.07,7.42,5,31.89,7.85,2,train,1
G1-0523,10.06,80.32,2.19,9,74.51,7.07,5,2.49,5.55,6,train,1
G1-0524,11.28,91.47,3.76,9,85.48,8.83,3,34.88,8.32,2,train,0
G1-0525,13.68,100,3.37,10,69.51,7.14,3,31.09,5.08,1,train,0
G1-0526,12.18,85.86,3.3,9,83.71,6.75,7,32.37,4.26,2,train,0
G1-0527,5.48,70.28,2.28,6,66.91,7.05,5,61.04,5.51,1,train,1
G1-0528,4.13,64,2.13,5,78.18,7.3,4,31.11,7.41,1,train,1
G1-0529,9.21,74.14,3.19,5,81.05,5.28,4,9.6,4.36,1,train,0
G1-0530,4.49,70.21,2.41,6,64.25,6.26,8,11.97,3.44,3,train,1
G1-0531,10.94,69.71,3.45,6,78.57,7.94,5,53.27,11.55,0,train,0
G1-0532,9.54,78.68,2.99,8,81.06,6.39,7,32.38,9.33,3,train,0
G1-0533,12.34,92.41,2.59,8,82.08,6.66,5,20.56,8.12,3,train,0
G1-0534,5.21,84.3,3.12,5,74.41,6.45,6,2,12.46,3,train,1
G1-0535,8.51,78.53,3.21,7,67.8,7.8,6,21.88,7.88,1,train,1
G1-0536,11.25,73.69,3.56,6,74.49,6.63,6,20.7,7.63,4,train,0
G1-0537,11.58,80.09,2.23,8,71.1,6.88,8,25.16,4.04,0,train,1
G1-0538,5.09,73.66,2.64,8,63.93,5.53,7,15.29,9.49,1,train,1
G1-0539,11.59,86,2.69,7,91.53,6.85,5,24.53,4.84,3,train,0
G1-0540,2.75,84.23,2.24,7,70.43,7.3,5,20.08,7.04,3,train,1
G1-0541,12.79,90.92,3.02,7,88.42,8.15,3,31.05,5.56,3,train,0
G1-0542,3.87,58.59,2.48,3,70.62,5.75,9,7.89,7.87,4,train,1
G1-0543,17.27,92.97,3.22,8,76.41,8.65,2,11.58,8.65,2,train,0
G1-0544,8.6,83.53,2.99,9,61.77,7.78,4,17.69,8.01,1,train,0
G1-0545,13.46,80.1,2.97,6,77.71,6.82,2,47.2,9.71,1,train,0
G1-0546,12.59,85.61,2.35,8,62.54,8.67,4,43.32,6.41,2,train,0
G1-0547,8.5,78.87,2.85,5,55.85,7.32,6,32.9,4.22,2,train,0
G1-0548,11.94,87.07,2.85,7,73.88,6.99,5,38.3,10.88,4,train,0
G1-0549,9,84.39,2.51,7,79.21,5.58,5,49.18,8.03,2,train,0
G1-0550,12.78,87.28,3.55,8,86.95,7.56,7,27.49,6.75,2,train,1
G1-0551,11.3,89.52,2.84,7,74.43,8.13,3,26.32,5.95,1,train,0
G1-0552,6.55,81.01,2.65,7,77.26,6.44,3,38.71,11.8,3,train,0
G1-0553,7.29,84.52,3.09,6,73.3,6.98,5,33.65,8.29,2,train,0
G1-0554,11.65,92.57,2.59,7,76.25,7.22,2,11.73,7.84,2,train,1
G1-0555,6.03,83.86,2.98,7,79.65,6.46,5,31.53,8.62,2,train,0
G1-0556,8.72,86.87,2.09,5,56.53,7,4,13.63,8.41,1,train,1
G1-0557,5.98,79.5,2.24,7,65.22,6.85,4,6.42,7.64,6,train,1
G1-0558,8.69,82.54,3.17,7,75.21,6.77,3,26,6.18,1,train,0
G1-0559,13.72,100,2.85,9,84.57,7.28,7,45.13,8.4,0,train,0
G1-0560,6.43,68.31,2.26,7,58.37,5.88,5,17.61,8.5,2,train,1
G1-0561,10.39,98.89,2.83,8,84.26,6.1,2,13.89,8.63,5,train,0
G1-0562,9.89,72.16,3.37,7,76.87,5.46,7,36.28,5.33,1,train,0
G1-0563,9.68,78.94,2.2,5,68.18,7.02,5,12.46,5.38,3,train,1
G1-0564,7.23,82.25,2.02,7,64.59,6.57,5,11.48,6.4,0,train,0
G1-0565,12.61,86.15,2.95,8,90.29,6.51,3,32.88,4.93,2,train,0
G1-0566,11.04,100,3.09,10,84.68,7.04,7,44.88,4.25,1,train,0
G1-0567,9.09,71.75,2.82,6,70.49,6.67,6,27.41,4.57,6,train,0
G1-0568,8.34,69.28,2.75,5,71.97,6.59,6,2.41,4.95,0,train,1
G1-0569,3.2,71.57,2.82,5,75.23,6.65,5,35.53,4.23,3,train,1
G1-0570,6.55,61.22,2.28,8,70.29,6.99,5,40.83,8.78,2,train,1
G1-0571,1.92,62.76,2.77,6,58.32,4.27,10,18.17,2.53,3,train,1
G1-0572,10.04,83.27,2.52,5,71.17,5.36,5,9.25,7.43,3,train,1
G1-0573,5.57,78.96,3.56,6,86.8,6.09,9,17.98,3.74,1,train,0
G1-0574,4.78,85.39,2.05,8,77.19,7.66,4,12.17,5.76,2,train,1
G1-0575,8.92,71.15,2.14,6,75.24,6.92,6,28.98,9.82,4,train,0
G1-0576,6.03,84.16,2.51,8,69.42,6.29,3,14.53,10.91,3,train,0
G1-0577,8.04,83.76,3.07,6,93.32,7.29,6,13.16,5.59,3,train,0
G1-0578,8.34,82.03,2.87,8,69.73,7.66,5,12.31,5.45,1,train,1
G1-0579,8.85,73.83,2.94,9,69.84,6.11,5,18.32,8.18,0,train,0
G1-0580,9.97,86.95,3.05,9,71.83,6,6,35.44,11.85,3,train,0
G1-0581,7.54,79.46,2.39,7,68.21,6.72,6,38.32,8.45,2,train,1
G1-0582,10.8,88.49,3.25,7,84.83,7.13,3,24.21,5.07,1,train,0
G1-0583,11.04,87.59,2.94,8,83.27,6.27,4,6.84,5.1,2,train,0
G1-0584,14.83,87.92,3.08,7,84.28,6.21,6,12.94,2.53,1,train,0
G1-0585,10.36,86.47,2.46,7,70.26,6.91,4,27.42,6.27,2,train,1
G1-0586,7.58,73.02,2.84,8,79.31,6.46,6,18.76,9.63,2,train,1
G1-0587,6.91,73.09,2.05,5,57.56,5.68,6,20.05,6.44,3,train,1
G1-0588,7.88,75.59,3.14,6,70.47,6.48,5,41.62,7.27,3,train,0
G1-0589,14.21,89.6,2.55,6,65.86,5.97,8,3.81,5.08,3,train,0
G1-0590,16.34,100,3.62,10,100,7.81,3,13.72,4.47,2,train,0
G1-0591,13.63,97.2,3.19,10,69.5,6.16,9,12.38,8.11,1,train,0
G1-0592,9.05,84.55,3,8,89.85,7.3,3,46.37,7.74,2,train,0
G1-0593,8.92,77.29,2.46,6,75.16,7.32,1,54.82,11.03,1,train,1
G1-0594,9.92,83.3,3.71,7,91.84,6.91,5,43.26,9,2,train,0
G1-0595,8.53,73.5,2.97,6,78.36,6.89,5,17.86,6.85,0,train,1
G1-0596,7.96,71.69,2.34,4,68.33,8.8,1,19.28,8.29,1,train,1
G1-0597,1.04,65.53,2.31,5,67.58,6.46,5,8.87,4.86,0,train,1
G1-0598,6.51,74.77,2.68,7,46.38,7.73,2,29.13,7.16,2,train,0
G1-0599,8.95,94.39,2.37,6,64.31,7.03,2,35.38,8.24,0,train,0
G1-0600,4.84,72.61,2.78,6,70.37,6.57,7,27.79,7,1,train,1
G1-0601,13.3,79.93,3.29,9,80.51,6.12,4,9.17,4.62,1,train,0
G1-0602,8.5,85.15,3.4,7,83.02,6.87,2,21.91,6.86,2,train,0
G1-0603,13.7,88.04,2.71,9,71.97,7.73,5,29.81,4.42,3,train,1
G1-0604,10.18,85.28,2.35,7,68.85,6.47,5,5.05,7.12,2,train,0
G1-0605,10.19,89.37,2.55,8,74.48,7.92,2,24.52,9.63,2,train,1
G1-0606,5.83,81.7,2.75,5,78.34,6.68,4,85.16,3.79,5,train,0
G1-0607,4.24,59,2.32,3,71.91,7.02,4,26.24,0,0,train,1
G1-0608,4.18,62.58,3.02,5,90.35,7.95,4,46.4,5.49,3,train,0
G1-0609,9.9,76.68,2.5,7,76.61,5.82,8,14.14,8.75,3,train,1
G1-0610,8.53,75.32,2.66,5,71.13,5.67,8,25.18,2.52,3,train,1
G1-0611,13.54,90.37,3.02,8,73.87,6.04,10,32.77,4.03,2,train,0
G1-0612,5.73,88.4,2.98,8,74.56,8.53,2,42.05,5.89,2,train,0
G1-0613,6.75,83.94,2.83,8,62.89,7.5,5,18.53,4.51,0,train,0
G1-0614,10.95,93.89,3.29,8,84.61,6.59,4,39.1,5.15,5,train,0
G1-0615,7.81,88.36,1.56,6,51.63,6.8,5,53.94,3.83,2,train,1
G1-0616,14.61,96.6,3.15,9,80.46,6.87,4,36.06,9.83,2,train,0
G1-0617,9.47,71.84,2.67,7,82.94,7.49,3,18.73,5.99,1,train,0
G1-0618,10.03,73.33,3.4,6,69.52,7.18,4,23.98,9.19,3,train,1
G1-0619,10.63,80.99,3.39,6,83.08,6.39,5,32.68,7.83,2,train,0
G1-0620,6.37,68.24,2.29,5,66.05,6.52,2,24,11.22,1,train,1
G1-0621,5.95,71.47,2.39,5,55.64,6.33,7,11.62,11.46,2,train,1
G1-0622,6.87,71.82,3.37,7,81.49,7.85,5,14.99,3.23,2,train,0
G1-0623,5.47,65.24,2.17,5,54.23,7.52,6,42.38,7.21,1,train,1
G1-0624,4.53,53.83,1.64,4,46.61,6.14,9,44.49,5.27,4,train,1
G1-0625,9.23,68.96,2.46,5,71.03,6.15,6,11.24,6.23,1,train,1
G1-0626,8.02,82.45,2.69,7,57.84,6.77,7,40.65,6.23,0,train,0
G1-0627,10.68,70.92,2.5,5,63.82,6.87,5,39.74,9.1,2,train,0
G1-0628,7,76.67,2.89,6,83.32,6.63,4,55.64,5.82,1,train,0
G1-0629,1,72.11,2.71,6,70.05,5.73,7,33.18,8.4,3,train,1
G1-0630,11.22,87.47,2.66,8,90.85,7.21,7,22.4,6.81,0,train,0
G1-0631,7.42,67.19,2.45,5,77.35,6.68,5,27.31,4.17,3,train,0
G1-0632,6.14,67.74,2.57,4,65.96,7.14,5,17.07,7.3,1,train,1
G1-0633,16.5,72.57,3.16,5,86.85,5.83,6,17.08,8.39,2,train,0
G1-0634,7.67,82.32,2.78,9,76.18,8.69,5,19.26,5.17,0,train,0
G1-0635,9.2,84.73,3.4,8,95.85,8,1,27.94,6.33,3,train,0
G1-0636,9.01,88.57,2.98,5,77.52,6.74,5,12.68,11.85,2,train,0
G1-0637,5.28,71.11,2.42,4,76.08,6.73,7,19.8,6.23,1,train,1
G1-0638,10.2,79.05,2.37,7,83.35,6.1,9,4.97,7.22,4,train,0
G1-0639,10.45,90.95,3.13,5,69.13,6.65,6,33.11,4.89,4,train,0
G1-0640,7.89,79.16,2.63,6,66.28,6.77,6,7.08,5.89,2,train,1
G1-0641,6.56,79.7,2.93,7,67.89,7.87,6,24.91,6.88,2,train,0
G1-0642,9.76,86.72,3.7,5,76.85,6.26,3,14.23,7.23,3,train,0
G1-0643,13,78.22,2.83,5,57.74,7.82,6,26.09,7.35,2,train,0
G1-0644,3.68,89.23,3.18,10,72.15,6.69,6,25.87,6.07,2,train,0
G1-0645,2.73,78.26,2.35,5,66.92,7.84,7,26.92,9.13,5,train,1
G1-0646,10.03,84.72,3.16,7,75.49,6.94,6,13.73,6.89,0,train,0
G1-0647,9.91,81.81,2.73,6,78.15,8.35,4,35.6,6.1,0,train,0
G1-0648,15.18,98.97,3.83,8,82.09,7.21,3,48.39,5.61,1,train,0
G1-0649,9.42,90.4,2.94,6,80.25,6.45,4,32.46,9.69,0,train,0
G1-0650,13.88,90.96,3.59,6,79.45,8.84,6,7.61,6.6,1,train,0
G1-0651,12.91,81.31,3.27,8,84.4,7.7,1,12.07,11.88,3,train,0
G1-0652,8.39,79.5,2.99,7,49.33,6.74,9,14.24,8.31,3,train,1
G1-0653,8.39,83.17,2.71,8,66.52,7.41,5,17.02,8.2,2,train,0
G1-0654,7.68,74.12,2.85,7,56.55,6.52,6,24.25,7.84,4,train,0
G1-0655,6.84,77.07,3.18,4,74.71,6.3,5,8.06,9.29,2,train,0
G1-0656,11.96,86.61,2.19,8,64.33,6.21,7,30.54,7.92,3,train,0
G1-0657,6.02,66.54,3.04,6,86.57,6.67,5,20.41,7.75,3,train,0
G1-0658,12.65,88.22,2.08,8,65.77,7.51,6,16.91,5.69,4,train,0
G1-0659,9.13,88.43,2.68,7,68.9,8.24,5,15.95,9.61,3,train,0
G1-0660,11.29,86.11,2.73,6,76.98,7.56,5,11.4,8.52,2,train,0
G1-0661,11.13,93.64,3.2,9,83.97,6.96,3,33.02,8.78,1,train,0
G1-0662,8.65,88.93,2.79,7,81.01,7.46,5,38.92,6.66,5,train,1
G1-0663,13.14,95.7,3.04,10,76.56,6.14,5,4.71,8.95,3,train,0
G1-0664,6.24,73.95,2.71,3,75.52,7.7,5,2,6.71,0,train,1
G1-0665,4.84,76.16,2.74,6,71.14,5.67,7,4.36,3.95,3,train,1
G1-0666,9.17,95.03,3.06,9,84,7.81,5,12.94,10.41,1,train,0
G1-0667,13.28,85.41,2.77,10,71.65,6.55,4,34.46,6.48,0,train,0
G1-0668,5.71,83.43,2.73,6,79.14,7.03,5,19.85,6.95,1,train,1
G1-0669,10.37,79.52,3.32,6,88.84,7.36,5,32.41,5.34,1,train,0
G1-0670,8.3,80.03,2.46,7,90.8,9.17,2,74.28,4.23,5,train,0
G1-0671,12.74,84.58,2.83,7,86.43,6.91,3,14.61,5.68,0,train,0
G1-0672,7.84,83.68,2.67,7,76.12,7.09,2,21.65,7,2,train,0
G1-0673,14.12,100,2.78,10,65.13,7.71,3,51.39,5.4,2,train,0
G1-0674,17.77,97.56,3.68,7,84.6,7.5,2,14.74,6.81,0,train,0
G1-0675,5.41,69.85,2.24,6,63.86,7.64,4,33.12,4.98,1,train,1
G1-0676,13.72,75.03,2.88,8,86.05,6.2,8,4.33,8.14,4,train,0
G1-0677,7.76,84.99,2.64,5,62.96,7.15,3,6.16,7.28,5,train,1
G1-0678,2.23,77.06,2.48,6,74.12,6.44,6,24.35,3.88,3,train,1
G1-0679,13.61,88.61,3.27,9,92.57,6.91,4,21.45,7.98,6,train,0
G1-0680,6.36,80.87,2.14,4,64.04,7.28,5,8.6,9.48,1,train,1
G1-0681,13.68,81.5,3.2,9,78.06,7.55,6,3.92,7.01,3,train,0
G1-0682,2.65,69.12,2.49,6,68.41,6.69,6,10.25,4.96,1,train,1
G1-0683,7.82,84.39,2.24,7,71.39,5.98,2,55.08,8.51,1,train,0
G1-0684,9.88,85.77,3.55,7,78.2,6.77,6,14.46,8.44,4,train,0
G1-0685,6.58,68.94,2.55,7,59.65,7.89,5,23.57,3.52,2,train,1
G1-0686,9.06,87.26,3.02,8,70.1,6.99,6,54.4,5.1,1,train,0
G1-0687,11.78,97.47,3.02,8,80.72,6.75,7,31.39,3.07,2,train,0
G1-0688,6.97,67.29,2.96,5,72.32,5.09,10,6.95,6.44,3,train,1
G1-0689,7.56,75.64,2.86,4,76.3,6.45,6,10.85,8.02,2,train,0
G1-0690,6.36,73.44,2.69,5,77.04,7.38,6,35.26,9.24,1,train,1
G1-0691,7.64,78.2,3,7,80.28,6.34,6,12.2,6.45,4,train,0
G1-0692,9.74,89.39,2.54,8,75.14,6.13,7,26.85,1.61,3,train,0
G1-0693,11.78,89.03,2.1,8,72.49,6.29,7,31.19,7.46,2,train,1
G1-0694,8.95,82.13,2.94,7,62.28,6.72,6,10.11,12.03,3,train,1
G1-0695,6.8,66.81,2.67,4,76.56,6.95,7,29.2,4.97,4,train,1
G1-0696,8.78,98.57,2.52,8,67.49,6.56,3,7.17,9.23,2,train,0
G1-0697,12.31,89.84,2.54,7,63.39,6.67,5,64.59,6.98,3,train,0
G1-0698,6.15,96.17,2.26,7,54.31,6.43,6,10.21,6.57,1,train,0
G1-0699,5.51,83.13,2.44,7,66.76,6.85,5,15.53,7.85,3,train,0
G1-0700,13.62,95.59,2.89,8,72.02,6.63,4,18.68,5.97,2,train,0
G1-0701,10.87,87.53,2.86,7,63.27,7.23,2,10.41,9,5,train,0
G1-0702,7.85,78.69,3.2,6,80.18,5.63,6,19.93,8.3,2,train,0
G1-0703,8.01,81.21,2.9,8,78.75,6.66,6,46.53,9.54,2,train,1
G1-0704,5.69,79.37,2.93,6,79.7,6.57,7,8,7.85,2,train,0
G1-0705,16.58,96.52,3.14,7,90.66,7.5,3,13.48,7.3,1,train,0
G1-0706,10.95,90.87,2.46,10,66.64,6.85,4,22.87,7.87,0,train,0
G1-0707,6.58,84.5,1.86,5,61.59,5.38,5,32.36,9.75,1,train,1
G1-0708,7.33,76.1,2.81,6,68.9,7.21,7,5.02,1.34,1,train,1
G1-0709,8.76,79.22,3.76,7,90.52,7.92,3,33.3,10.62,2,train,0
G1-0710,12.4,86.64,2.95,8,72.86,7.75,5,31.99,5.03,4,train,0
G1-0711,10.16,72.78,2.91,5,76.32,6.39,6,22.79,8.74,1,train,0
G1-0712,8.49,79.89,3.3,8,73.22,6.93,6,18.19,6.96,6,train,0
G1-0713,11.29,87.67,2.31,8,71.88,8.29,2,18.72,9.58,1,train,0
G1-0714,8.18,68.73,2.79,6,71.46,7.4,5,40.7,8.34,1,train,0
G1-0715,8.02,59.09,2.99,5,76.3,5.79,8,30.46,6.01,4,train,1
G1-0716,4.11,77.46,2.14,6,51.3,6.78,4,19.85,5.46,1,train,1
G1-0717,8.13,85.75,3.3,6,80.96,6.39,6,33.11,6.92,4,train,0
G1-0718,4.33,80.61,2.16,7,56.04,7.37,5,71.28,8.7,3,train,1
G1-0719,1.63,69.53,2.84,5,69.55,7.64,3,34.04,7.56,0,train,1
G1-0720,3.64,68.8,2.73,6,65.88,5.65,7,4.92,4.53,4,train,1
G1-0721,8.77,85.72,2.27,7,64.7,7.54,5,6.77,4.15,6,train,0
G1-0722,18.39,90.88,3.49,10,94.1,7.03,4,12.08,3.29,1,train,0
G1-0723,9.44,74.04,2.59,6,75.3,6.44,3,24.29,11.48,4,train,0
G1-0724,9.52,75.76,2.8,8,75.44,6.07,6,10.51,9.21,2,train,0
G1-0725,7.43,84.04,3.02,4,71.97,7.4,6,9.89,9.17,2,train,1
G1-0726,6.48,79.17,3.24,5,89.87,6.12,10,83.03,7.58,4,train,0
G1-0727,12.72,80.89,3.33,8,82.95,7.41,4,14.48,6.45,1,train,0
G1-0728,2.05,75.22,1.8,7,58.7,5.24,6,21.99,6.78,0,train,1
G1-0729,15.2,92.21,3.45,10,83.52,6.48,8,15.29,5.13,5,train,0
G1-0730,9.83,89.37,2.82,7,80.89,7.48,6,9.32,5.51,7,train,0
G1-0731,7.2,67.51,2.07,6,53.79,6.41,10,11.76,5.99,2,train,1
G1-0732,4.26,74.49,2.54,6,64.33,5.54,6,22.63,8.35,4,train,1
G1-0733,6.81,89.13,2.42,6,57.41,5.97,6,31.11,5.74,2,train,1
G1-0734,5.57,82.59,2.48,7,71.55,6.07,3,72.72,11.26,2,train,1
G1-0735,8.65,80.87,3.1,6,73.11,5.97,7,41.82,3.9,4,train,1
G1-0736,11.3,73.56,2.48,7,82.82,7.07,4,10.46,10.96,3,train,1
G1-0737,5.41,76.9,2.9,6,78.98,8.57,3,11.26,8.32,0,train,1
G1-0738,13.1,82.23,2.7,7,91.12,8.17,7,14.82,5.51,4,train,0
G1-0739,7.27,75.69,2.68,6,64.89,6.35,6,14.38,4.65,7,train,1
G1-0740,5.48,78.25,2.97,8,79.23,8.09,3,47.16,10.25,0,train,0
G1-0741,6.03,72.72,2.77,5,62.99,6.96,4,22.68,7.52,0,train,0
G1-0742,7.48,78.96,2.59,6,80.08,5.51,6,24.03,7.58,1,train,1
G1-0743,12.19,70.64,2.78,7,71.71,6.52,3,2,8.58,3,train,0
G1-0744,6.57,77.85,2.9,6,68.17,6.4,7,51.35,6.25,3,train,1
G1-0745,11.76,86.52,2.32,9,55.42,6.7,6,40.06,8.93,2,train,0
G1-0746,8.22,85.09,3.14,8,82.02,6.86,7,9.48,9.01,2,train,0
G1-0747,9.17,88.76,3.38,9,76.97,7.11,4,12.58,8.48,4,train,0
G1-0748,11.21,100,3.36,8,79.63,8.05,5,21.59,10.38,2,train,0
G1-0749,11.85,88.31,3.34,8,81.86,7.35,4,7.54,6.61,2,train,0
G1-0750,9.16,94.58,2.55,7,74.25,7.11,5,11.92,5.82,1,train,1
G1-0751,9.38,74.11,2.74,6,82.14,6.88,5,82.73,7.21,8,test,1
G1-0752,14.89,80.67,3.44,6,87.51,7.06,7,65.25,9.37,6,test,0
G1-0753,7.38,87.25,2.17,5,48.96,7.48,5,40.46,11.47,8,test,1
G1-0754,12.53,89.84,3.25,7,73.11,8.77,2,64.63,10.94,5,test,0
G1-0755,8.8,75.68,3.23,4,88.19,7.66,5,61.81,15.73,8,test,0
G1-0756,5.88,66.38,3.02,6,68.77,8.3,5,64.81,10.94,6,test,1
G1-0757,1,78.98,1.92,4,62.47,8.71,2,64.63,12.99,5,test,1
G1-0758,11.21,81.4,2.4,10,62.69,8.12,8,60.46,9.08,6,test,0
G1-0759,12.65,92.64,2.87,8,89.18,8.98,4,66.79,10.58,5,test,0
G1-0760,15.26,85.51,2.72,6,72.39,7.69,5,60.52,11.49,6,test,1
G1-0761,11.21,81.95,3.02,6,78.41,9.36,6,45.98,10.74,5,test,0
G1-0762,2.94,69.35,2.97,6,79.16,8.06,5,61.02,16,8,test,1
G1-0763,7.94,63.52,2.44,6,61.63,6.13,5,48.04,10.21,6,test,1
G1-0764,9.84,86.97,3.31,9,66.62,9.33,5,58.33,13.66,8,test,0
G1-0765,10.73,75.95,2.56,6,76.06,7.55,8,56.5,14.44,8,test,1
G1-0766,12.13,85.46,3.01,9,84.66,7.37,5,90,11.03,6,test,0
G1-0767,9.67,86.01,2.28,7,61.6,8.29,7,52.7,9.49,8,test,1
G1-0768,5.22,69.23,2.09,6,51.15,8.56,4,48.91,14.1,5,test,1
G1-0769,15.74,87.08,2.52,7,90.99,8.14,4,45.61,10.79,5,test,0
G1-0770,6.36,83.06,3.16,8,69.89,7.53,6,52.58,9.75,5,test,0
G1-0771,6.54,80.58,2.88,8,82.9,8.03,5,71.37,14.44,5,test,0
G1-0772,11.05,96.22,2.21,9,70.63,7.8,6,51.88,8.97,5,test,0
G1-0773,6.12,71.19,2.77,5,68.94,8.97,4,54.72,15.89,7,test,1
G1-0774,5.84,73.19,2.34,5,54.16,8.6,4,79.96,11.32,5,test,1
G1-0775,11.55,85.19,3,8,76.87,8.9,4,46.69,12.57,5,test,0
G1-0776,11.33,91.44,3.17,9,73.73,8.49,5,71.4,12.28,6,test,0
G1-0777,8.22,74.66,2.68,6,88.81,6.84,5,44.43,7.53,8,test,0
G1-0778,9.69,83.75,2.58,8,73.11,8.3,5,90,14.05,7,test,1
G1-0779,10.23,89.6,3.07,8,83.98,7.98,3,66.6,11.91,4,test,0
G1-0780,16.64,89.45,3.6,7,100,8.92,1,46.02,14.13,7,test,0
G1-0781,10.91,88.7,3.23,7,79.98,7.54,8,67.36,12.84,4,test,0
G1-0782,7.54,75.64,2.99,6,84.34,7.99,4,59.09,14.54,8,test,0
G1-0783,12.62,79.43,2.79,7,81.19,8.6,6,42.09,14.12,5,test,0
G1-0784,5.73,72.74,1.89,5,67.21,6.98,7,70.57,11.46,8,test,1
G1-0785,11.66,85.24,2.49,6,69.05,7.75,1,82.11,11.84,5,test,0
G1-0786,2.74,58.18,2.42,5,55.88,7.46,9,39.75,11.32,5,test,1
G1-0787,5.52,84.81,2.63,8,75.44,8.17,5,67.13,11.81,6,test,0
G1-0788,6.67,77.86,2.89,5,66.22,8.35,3,79.07,11.25,5,test,1
G1-0789,10.19,90.84,2.91,7,64.31,8.15,4,86.72,16,8,test,1
G1-0790,6.27,80.91,2.31,6,64.99,8.28,3,41.66,14.23,5,test,0
G1-0791,6.19,76.53,2.63,5,61.37,7.2,4,40.96,11.26,6,test,1
G1-0792,7.51,74.23,3.13,6,62.63,7.45,5,60.56,14.08,5,test,0
G1-0793,6.98,84.17,2.27,8,66.41,8.46,1,70.14,12.54,6,test,0
G1-0794,5.7,88.8,2.47,6,68.61,8.95,3,46,14.42,4,test,0
G1-0795,9.45,79.92,2.65,5,78.11,8.22,4,48.51,9.82,5,test,1
G1-0796,8.64,87.92,3.53,8,85.34,8.97,5,78.24,15.32,6,test,1
G1-0797,9.8,78.6,2.99,6,76.95,7.41,5,50.33,14.37,6,test,1
G1-0798,12.56,97.19,2.91,9,100,9.27,3,61.33,12.88,6,test,0
G1-0799,13.39,80.59,3.72,7,80.48,9.36,5,49.48,12.12,8,test,0
G1-0800,7.37,85.51,2.78,7,75.36,8.54,4,46.41,12.43,6,test,0
G1-0801,7.19,78.33,3.03,7,75.38,8.21,2,54.62,11.8,6,test,0
G1-0802,13.3,89.38,2.31,9,65.89,8.69,3,49.26,16,8,test,0
G1-0803,12.28,96.98,3.1,7,67.34,9.15,3,44.75,9.88,4,test,0
G1-0804,15.37,86.67,2.68,8,69.83,8.58,3,57.31,16,6,test,0
G1-0805,8.83,86.4,2.66,8,76.79,7.42,7,52.83,10.38,8,test,0
G1-0806,9.42,93.28,2.65,7,66.76,8.17,3,39.19,11.75,5,test,0
G1-0807,8.94,82.54,2.72,7,74.03,8.04,6,49.54,16,8,test,0
G1-0808,14.88,100,3,8,76.69,8.58,2,52.8,11.85,6,test,0
G1-0809,10.93,83.22,3.05,8,81.55,8.07,8,66.5,12.41,6,test,1
G1-0810,11.35,74.02,2.77,6,81.35,8.74,3,46.8,14.38,4,test,0
G1-0811,14.84,98.25,3.16,8,77.5,8.14,3,52.08,11.96,8,test,0
G1-0812,16.14,98.19,2.96,9,78.14,8.05,5,78.01,10.38,6,test,0
G1-0813,8.29,87.79,2.19,9,58.41,9.42,3,63.15,16,8,test,0
G1-0814,6.17,81.77,2.9,8,77.59,8.36,4,53.12,12.89,8,test,1
G1-0815,7.96,80.78,2.02,5,62.84,7.47,4,50.78,15.08,6,test,1
G1-0816,11.41,74.86,2.64,6,77.25,9.13,2,59.22,13.42,6,test,0
G1-0817,14.89,97.76,3.81,9,98.06,8.27,5,72.92,10.28,6,test,0
G1-0818,12.62,100,2.71,8,73.98,9.37,1,52.47,16,4,test,0
G1-0819,12.09,74.9,2.6,5,82.97,7.26,4,54.41,15.24,6,test,0
G1-0820,6.86,92.02,2.68,6,73.53,7.15,3,53.75,12.42,6,test,1
G1-0821,13.47,97.19,3.02,7,84.02,9.32,3,90,13.16,4,test,0
G1-0822,14.4,85.54,2.41,7,74.09,9.32,1,73.6,16,5,test,0
G1-0823,11.86,87.27,2.97,9,72.7,7.96,4,61.42,14.14,8,test,0
G1-0824,9.09,74.51,2.24,4,59.11,6.81,6,78.27,12.94,7,test,1
G1-0825,15.22,94.76,3.48,8,88.59,8.83,3,90,12.98,8,test,0
G1-0826,12.16,91.2,2.44,8,72.97,7.48,9,39.15,11.38,7,test,1
G1-0827,11.37,84.12,3,8,68.08,7.37,5,78.46,9.39,6,test,0
G1-0828,11.54,95.31,2.88,10,65.39,9,3,48.29,11.99,6,test,0
G1-0829,9.72,84.86,2.79,7,61.59,8.49,4,76.56,12.26,6,test,1
G1-0830,9.06,91.99,2.78,8,72.13,8.13,3,38.86,9.96,7,test,0
G1-0831,8.87,84.11,2.24,5,66.53,9.09,1,49.72,10.57,8,test,1
G1-0832,9.61,87.61,2.92,7,80.01,7.64,7,42.25,15.21,7,test,0
G1-0833,6.27,75.52,1.44,5,62.88,8.25,6,56.84,12.91,7,test,1
G1-0834,9.3,71.42,2.53,3,65.91,8.55,5,45.08,13.14,7,test,1
G1-0835,5.85,75.57,3.34,5,74.59,7.91,4,78.82,7.07,5,test,0
G1-0836,8.93,83.45,2.47,7,69.02,8.06,7,50.41,9.07,8,test,0
G1-0837,5.7,83.38,2.8,7,63.92,9.2,3,43.28,13.57,5,test,0
G1-0838,8.65,70.85,2.93,6,61.42,8.59,7,54.8,11.25,6,test,1
G1-0839,11.29,78.34,3.23,8,92.27,8.07,6,90,14.5,4,test,0
G1-0840,5.62,73.74,1.99,6,67.1,8.32,4,44.01,14.83,5,test,1
G1-0841,12.36,83.01,2.54,6,79.35,9.12,5,65.58,9.27,4,test,0
G1-0842,1.79,77.53,2.29,5,68.67,8.2,6,48.94,12.93,8,test,1
G1-0843,8.95,85.81,1.99,6,65.65,8.18,5,45.82,6.88,5,test,0
G1-0844,7.43,76.33,2.72,6,75.94,7.28,3,59.54,13.19,6,test,0
G1-0845,6.98,62.84,1.88,3,51.51,8.17,4,45.04,13.6,6,test,0
G1-0846,13.04,87.21,3.01,8,88.13,7.11,9,62.84,14.23,6,test,0
G1-0847,8.94,83.09,2.29,8,64.2,6.88,6,66.22,7.32,7,test,1
G1-0848,6.35,79.94,2.06,5,56.35,8.4,5,41.42,16,8,test,1
G1-0849,8.88,87.45,2.8,9,91.21,9.08,4,78.25,11.49,5,test,0
G1-0850,3.71,74.21,2.34,5,58.18,7.76,5,85.72,15.52,8,test,1
G1-0851,6.95,79.25,2.72,6,64.94,8.06,7,48.15,11.3,7,test,1
G1-0852,2.45,81.82,2.89,7,70.18,8.34,7,62.22,11.1,8,test,1
G1-0853,6.74,75.73,2.31,5,68.41,8.67,7,68.61,14.23,5,test,1
G1-0854,7.46,63.13,2.89,4,61.12,8.91,4,81.25,16,4,test,1
G1-0855,7.06,76.26,2.68,8,81.31,9.2,4,64.8,12.35,5,test,0
G1-0856,10.56,77.6,2.49,7,78.25,7.69,4,73.55,8.7,6,test,1
G1-0857,11.92,77.71,2.45,8,79.98,7.7,7,52.41,7.98,5,test,1
G1-0858,11.61,82.48,3.57,7,100,9.24,4,58.08,13.5,5,test,0
G1-0859,9.95,71.43,2.84,5,76.4,9.31,7,53.26,12.36,5,test,0
G1-0860,11.39,82.97,3.01,8,85.98,9.13,3,43.98,11.87,5,test,0
G1-0861,13.52,100,2.86,8,75.09,8.21,7,77.3,12.75,6,test,0
G1-0862,10.35,97.38,3.26,9,76.69,8.01,3,65.5,11.99,5,test,0
G1-0863,13.71,81.14,3.09,8,81.84,9.34,5,81.62,15.56,8,test,0
G1-0864,4.26,62.65,2.16,6,50.42,8.19,4,49.2,14.01,5,test,1
G1-0865,7.25,89.2,2.38,7,79.97,9.7,3,40.95,13.34,4,test,0
G1-0866,9.08,86.93,2.84,8,64.96,7.93,4,70.29,11.37,8,test,0
G1-0867,11.41,87.26,3.05,8,80.7,9.29,3,61.52,12.31,6,test,0
G1-0868,15.87,100,3.18,10,83.47,9.7,1,49.56,10.64,6,test,0
G1-0869,10,92.57,3.25,8,75.18,8.82,1,54.38,10.48,7,test,0
G1-0870,11,87.52,2.51,8,74.11,8.05,7,90,13.99,6,test,0
G1-0871,13.31,98.72,3.05,8,97.06,6.72,4,78.53,15.3,6,test,0
G1-0872,10.96,84.59,2.66,9,69.47,8.38,5,67.43,15.07,6,test,0
G1-0873,3.37,73.22,2.19,4,76.46,8.95,6,54,13.97,8,test,1
G1-0874,7.02,72.36,3.16,6,72.4,6.81,6,50.12,12.73,6,test,0
G1-0875,11.83,89.13,2.52,6,86.75,8.76,4,80.39,12.54,7,test,0
G1-0876,4.4,69.34,2.38,6,62.21,6.45,5,44.91,9.59,5,test,1
G1-0877,14.1,90.79,3.46,9,93.49,7.71,3,41.93,16,5,test,0
G1-0878,12.68,84.15,3.18,9,73.84,8.53,4,48.39,13.55,6,test,0
G1-0879,9.86,73.29,2.84,5,74.47,7.76,6,74.93,11.38,7,test,1
G1-0880,6.48,83.91,2.58,8,71.93,7.02,5,78.06,11.95,7,test,1
G1-0881,17.05,100,3.18,9,75.65,8.08,4,76.54,11.46,4,test,0
G1-0882,8.31,85.45,2.97,6,74.3,8.28,5,59.09,14.22,8,test,0
G1-0883,9.32,75.27,2.71,6,66.75,7.04,6,58.87,13.52,6,test,1
G1-0884,9.37,84.32,3.13,8,85.91,7,6,52.12,15.62,7,test,0
G1-0885,11.07,92.84,2.74,5,78.79,8.13,3,47.35,15.47,4,test,0
G1-0886,9.59,79.73,2.94,6,86.07,7.4,6,46.34,10.04,5,test,1
G1-0887,9.85,86.07,2.61,8,62.98,8.77,2,71.01,16,7,test,1
G1-0888,9.51,100,2.14,7,49.46,7.98,4,38.08,10.81,8,test,0
G1-0889,8.47,77.5,3.02,7,92.57,7.94,6,47.24,14.27,6,test,0
G1-0890,5.3,87.03,2.33,6,64.67,9.33,2,84.57,13.71,4,test,1
G1-0891,14.61,81.83,3.24,8,91.13,9.12,4,61.71,10.36,5,test,0
G1-0892,3.25,77.93,2.5,6,72.33,8.47,8,90,12,8,test,1
G1-0893,8.27,73.63,2.89,6,71.81,7.2,5,47.72,9.83,5,test,1
G1-0894,17.52,100,2.94,8,75.31,7.94,4,64.52,10.15,5,test,0
G1-0895,17.9,98.11,3.35,10,80.31,8.53,3,69.03,15.48,5,test,0
G1-0896,1.85,74.93,2.39,3,66.04,9.43,4,49.31,9.29,5,test,1
G1-0897,9.11,82.32,2.65,6,70,7.85,6,42.14,11.97,7,test,0
G1-0898,4.76,81.33,2.99,5,66.54,7.59,1,65.62,11.54,4,test,0
G1-0899,15.13,94.41,2.88,7,64.52,7.79,6,56.88,8.32,6,test,0
G1-0900,7.39,95.79,3.36,8,81.07,7.47,2,69.97,10.02,7,test,0
G1-0901,14.4,93.68,3.07,7,79.86,8.87,5,72.96,9.98,5,test,0
G1-0902,3.7,85.21,2.55,5,70.77,8.35,3,56.43,9.37,6,test,0
G1-0903,5.26,68.17,2.32,5,57.73,7.25,6,69.77,13.78,6,test,1
G1-0904,7.9,71.8,2.07,6,66.88,8.64,5,42.64,12.56,4,test,1
G1-0905,8.69,81.94,2.9,8,80.11,8.32,4,61.23,12.21,8,test,0
G1-0906,9.62,98.21,2.59,8,48.51,9.7,1,60.8,12.19,5,test,0
G1-0907,15.73,95.24,3.28,9,92.85,7.82,5,81.06,7.33,4,test,0
G1-0908,4.61,79.8,3.04,8,78.12,8.09,6,53.48,11.6,8,test,0
G1-0909,5.54,94.12,2.96,8,82.99,9.09,3,45.95,14.79,5,test,0
G1-0910,13.91,86.26,2.86,5,82.68,8.97,4,75.71,14.12,4,test,0
G1-0911,5.64,87.09,3.21,7,77.82,9.26,4,64.65,15.03,7,test,0
G1-0912,13.65,84.84,3.25,6,81.86,7.93,5,81.33,13.71,4,test,0
G1-0913,7.07,80.44,2.42,7,48.89,7.93,8,48.25,11.04,7,test,1
G1-0914,10.74,78.24,3.25,5,77.64,8.41,2,67.85,12.97,8,test,0
G1-0915,18.84,100,3.44,8,81.29,8.46,4,53.81,9.28,5,test,0
G1-0916,16.1,84.33,3.25,9,92.31,8.44,6,70.04,12.93,8,test,0
G1-0917,5.28,79.82,2.56,6,69.56,7.7,1,90,15.6,5,test,0
G1-0918,14.27,96.88,3.58,7,84.53,8.63,1,50.02,13.97,6,test,0
G1-0919,9.01,81.88,2.59,7,76.58,7.79,3,84.13,12.11,6,test,0
G1-0920,8.29,79.69,2.79,6,80.36,8.02,1,64.03,12.25,5,test,0
G1-0921,14.98,96.36,2.67,9,68.31,8.88,3,53.05,14.7,7,test,0
G1-0922,12.82,86.97,3.32,9,79.47,7.84,6,75.58,5.57,5,test,0
G1-0923,11.12,70.09,2.46,7,82.39,7.99,4,42.92,12.76,6,test,0
G1-0924,13.87,99.67,2.48,8,69.87,8.59,2,50.34,10.73,5,test,0
G1-0925,10.53,79.61,3.02,8,65.81,7.93,4,46.12,13.41,6,test,0
G1-0926,7.08,70.97,2.46,4,71.57,8.11,4,57.17,11.04,4,test,1
G1-0927,7.72,80.81,2.16,5,65.86,8.78,3,49.96,13.83,6,test,1
G1-0928,9.12,88.59,2.64,8,74.63,8.64,6,55.44,11.42,6,test,0
G1-0929,8.77,89.08,2.79,7,65.73,9.05,5,56.37,9.17,7,test,1
G1-0930,6.27,84.58,2.34,6,63.77,7.5,4,50.9,11.56,4,test,0
G1-0931,6.32,81.68,2.8,7,72.78,8.36,6,63.74,11.72,5,test,0
G1-0932,13.87,82.21,2.07,9,61.31,7.84,5,74.02,10.79,5,test,1
G1-0933,15.26,93.48,2.9,9,81.57,8.03,5,47.57,11.28,6,test,0
G1-0934,1,78.93,2.08,5,55.78,7.34,3,67.09,14.91,5,test,1
G1-0935,6.89,78.92,2.39,6,57.15,8.52,3,47.43,12.14,8,test,0
G1-0936,13.2,85.88,3.21,6,84.67,8.63,6,52.49,13.65,6,test,0
G1-0937,7.62,72.82,2.72,4,78.4,8.13,5,52.81,13.45,5,test,1
G1-0938,13.73,89.65,3.21,9,92.52,8.22,7,40.21,12.18,4,test,0
G1-0939,5.27,76.26,2.25,8,66.13,8.38,4,48.4,11.48,4,test,1
G1-0940,10.98,92.48,2.46,8,58.7,8.84,3,76.32,11.62,6,test,0
G1-0941,13.83,100,3.54,10,88.32,8.66,5,86.63,13.49,7,test,0
G1-0942,10.6,89.66,2.94,8,78.05,8.17,5,68.53,14.73,8,test,0
G1-0943,9.57,81.56,2.95,5,82.04,8.52,2,88.86,13.24,6,test,0
G1-0944,4.63,75.52,3,6,69.19,7.44,3,90,15.96,6,test,1
G1-0945,13.96,89.31,3.17,8,87.09,9.5,2,65.02,16,8,test,0
G1-0946,16.76,100,3.71,10,85.63,9.7,1,90,13.1,4,test,0
G1-0947,11.79,92.88,3.16,8,78.75,8.58,1,58.89,16,7,test,0
G1-0948,15.56,85.58,2.52,7,76.06,7.62,5,53.11,15.76,5,test,0
G1-0949,10.75,84.83,3.16,6,85.05,7.94,6,46.52,12.57,7,test,0
G1-0950,7.71,69.81,2.68,8,75.99,8.1,7,69.84,12.72,8,test,0
G1-0951,11,75.04,2.82,9,73.2,7.73,5,59.16,11.74,5,test,0
G1-0952,5.49,74.2,2.01,3,63.75,7.01,5,38.19,14.13,8,test,1
G1-0953,7.98,86.08,2.35,7,73.9,8.16,5,44.2,11.86,6,test,1
G1-0954,8.96,99.69,2.47,6,78.57,9,4,50.94,12.97,6,test,0
G1-0955,10.24,87.68,2.54,9,73.95,9.7,4,65.79,14.5,5,test,0
G1-0956,5.41,65.87,2.74,6,61.29,8.49,7,65.53,7.39,7,test,1
G1-0957,10.92,81.36,2.34,7,53.51,7.94,5,84.36,12.46,6,test,0
G1-0958,8.15,71.01,1.87,7,51.87,7.51,7,62.09,7.94,8,test,1
G1-0959,11.19,74.28,2.94,5,89.83,7.55,7,90,11.08,5,test,0
G1-0960,3.67,74.53,2.07,4,67.31,9.35,5,71.32,11.67,5,test,1
G1-0961,13.79,90.38,2.89,7,78.78,7.97,3,50.51,14.04,5,test,1
G1-0962,6.13,85.19,2.21,6,79.86,8.07,5,90,11.33,6,test,1
G1-0963,7.88,84.67,2.06,7,70.53,7.21,4,54.42,15.53,5,test,0
G1-0964,16.59,97.54,3.8,9,97.2,8.86,2,41.67,15.29,5,test,0
G1-0965,8.64,68.17,2.6,7,64.16,7.57,7,51.62,9.84,5,test,1
G1-0966,9.06,82.25,2.72,7,67.02,8.58,4,77.38,12.89,7,test,0
G1-0967,9.73,71.93,2.28,7,73.9,8.11,4,68.57,11.03,5,test,1
G1-0968,10.31,72.37,2.97,5,74.57,7.61,6,74.39,13.07,5,test,1
G1-0969,2.94,74.62,3.19,5,69.91,7.95,5,68.19,10.45,4,test,1
G1-0970,13.3,88.22,3.25,8,88.74,8.35,5,69.85,8.9,8,test,1
G1-0971,10.25,84.3,2.65,7,69.29,9.38,4,53.77,16,5,test,0
G1-0972,9.91,74.3,2.62,5,83.09,7.11,8,58.43,14.63,6,test,1
G1-0973,11.71,80.28,2.61,8,60.99,8.23,5,74.64,11.96,8,test,0
G1-0974,9.68,79.6,2.73,7,72.75,9.7,3,79.43,14.63,8,test,0
G1-0975,5,69.19,2.76,6,76.99,7.87,5,90,10.09,8,test,0
G1-0976,9.02,69.37,1.86,6,57.86,7.8,6,72.31,11.89,6,test,1
G1-0977,9.36,60.82,2.42,3,58.95,6.73,7,59.19,10.91,8,test,1
G1-0978,6.56,66.21,2.73,5,70.08,8.63,6,58.55,13.76,6,test,1
G1-0979,5.19,69.96,2.74,7,68.93,7.68,7,68.62,10.02,8,test,1
G1-0980,12,80.05,1.92,7,63.25,7.11,7,71.05,9.01,5,test,1
G1-0981,5.62,74.88,2.34,7,65.71,7.55,4,55.97,12.19,5,test,1
G1-0982,10.58,90.43,3.03,9,75.28,7.23,8,46.19,6.96,7,test,0
G1-0983,8.23,80.15,2.46,4,74.98,9.47,2,46.4,12.13,5,test,0
G1-0984,7.95,81.01,2.8,7,87.47,8.35,8,75.61,11.4,8,test,1
G1-0985,12.4,94.92,3.61,7,84.97,7.92,8,38.77,12.29,7,test,0
G1-0986,10.88,82.96,3.42,7,82.51,9.31,6,65.48,13.65,6,test,0
G1-0987,7.87,92.66,3.02,6,72.35,7.97,3,48.35,7.64,6,test,0
G1-0988,7.68,82,2.22,6,65.57,8.18,6,57.91,9.83,6,test,1
G1-0989,10.69,76.42,2.66,5,81.78,8.75,3,64.56,13.92,7,test,0
G1-0990,15.7,100,3.25,9,90.49,8.58,3,55.39,13.54,6,test,0
G1-0991,1,56.23,2.83,4,64.19,7.58,6,86.37,16,4,test,1
G1-0992,5.72,71.66,3.34,4,80.98,8.93,4,56.97,13.37,6,test,1
G1-0993,12.55,86.86,3.34,8,88.27,9.52,5,88.33,11.7,5,test,0
G1-0994,7.86,65.06,2.46,6,72.12,7.32,7,72.86,10.82,8,test,1
G1-0995,5.99,78.12,2.52,6,78.71,9.33,4,39.25,11.8,6,test,1
G1-0996,12.98,93.94,1.9,8,64.63,9.7,1,66.09,13.03,4,test,0
G1-0997,16.94,91.71,3.49,8,72.8,8.69,3,49.51,12.82,6,test,0
G1-0998,8.99,86.88,3.06,6,78.11,9.58,6,65.76,14.36,5,test,0
G1-0999,10.06,100,2.49,9,68.91,8.6,4,64.26,10.55,6,test,0
G1-1000,8.23,85.25,2.59,10,72.54,7.66,6,50.24,14.53,7,test,0
